Date,Close,High,Low,Open,Volume
2020-01-02,9691.2001953125,9705.400390625,9615.099609375,9639.099609375,142379600
2020-01-03,9646.599609375,9650.7001953125,9581.2001953125,9631.2001953125,135130000
2020-01-06,9600.900390625,9618.2001953125,9492.7001953125,9585.400390625,103520400
2020-01-07,9579.7998046875,9657.900390625,9557.900390625,9623.099609375,133476100
2020-01-08,9591.400390625,9604.2998046875,9520.2998046875,9535.099609375,133957600
2020-01-09,9581.7998046875,9644.7998046875,9573.7998046875,9629.2001953125,151793500
2020-01-10,9573.599609375,9623.599609375,9557.900390625,9611.2998046875,132894500
2020-01-13,9543.900390625,9586.599609375,9507.400390625,9586.599609375,124149000
2020-01-14,9528.2998046875,9548.400390625,9466.0,9548.099609375,143774600
2020-01-15,9511.7001953125,9530.2001953125,9475.0,9521.2001953125,161995000
2020-01-16,9572.5,9579.5,9481.599609375,9516.7001953125,133841500
2020-01-17,9681.2998046875,9709.900390625,9611.2998046875,9616.099609375,159823200
2020-01-20,9658.7998046875,9680.900390625,9623.099609375,9676.599609375,99959200
2020-01-21,9611.2998046875,9620.7001953125,9550.0,9593.400390625,126448800
2020-01-22,9573.7001953125,9632.7998046875,9557.0,9622.0,134567800
2020-01-23,9518.5,9604.7001953125,9499.2998046875,9549.400390625,169141000
2020-01-24,9562.0,9639.900390625,9552.5,9576.7998046875,154731100
2020-01-27,9366.2998046875,9482.7998046875,9357.7998046875,9447.099609375,164515500
2020-01-28,9484.2001953125,9488.0,9363.7998046875,9401.7998046875,154919400
2020-01-29,9546.7001953125,9574.2998046875,9510.7001953125,9532.7001953125,187145800
2020-01-30,9477.900390625,9528.400390625,9439.2998046875,9460.7998046875,164094200
2020-01-31,9367.900390625,9545.099609375,9365.099609375,9519.2998046875,303553700
2020-02-03,9404.7001953125,9431.599609375,9361.5,9404.400390625,168665700
2020-02-04,9562.900390625,9577.2998046875,9462.400390625,9465.900390625,174133900
2020-02-05,9717.7998046875,9721.900390625,9540.2001953125,9553.400390625,221922900
2020-02-06,9811.2998046875,9816.2001953125,9757.0,9767.099609375,248416700
2020-02-07,9811.0,9816.2001953125,9761.7998046875,9789.2998046875,179586900
2020-02-10,9816.0,9820.400390625,9773.5,9790.599609375,132132500
2020-02-11,9882.599609375,9884.0,9817.7998046875,9863.400390625,167628300
2020-02-12,9940.400390625,9946.599609375,9888.599609375,9897.900390625,199830200
2020-02-13,9909.7998046875,9910.099609375,9794.2998046875,9893.900390625,161753500
2020-02-14,9956.7998046875,9969.7001953125,9905.2001953125,9910.900390625,127061800
2020-02-17,10022.2001953125,10022.2001953125,9955.2001953125,9979.2001953125,105784200
2020-02-18,10005.7998046875,10041.5,9967.7998046875,9977.400390625,184042000
2020-02-19,10083.599609375,10100.2001953125,10020.7001953125,10042.0,151866100
2020-02-20,9931.0,10050.2998046875,9931.0,10048.7001953125,178849000
2020-02-21,9886.2001953125,9946.400390625,9843.5,9893.0,194954500
2020-02-24,9483.5,9676.7998046875,9459.599609375,9649.7998046875,256063800
2020-02-25,9250.7998046875,9518.900390625,9248.0,9507.0,263346200
2020-02-26,9316.7998046875,9362.7998046875,9030.7001953125,9213.0,299256300
2020-02-27,8985.900390625,9204.400390625,8877.400390625,9182.2001953125,341792600
2020-02-28,8723.2001953125,8818.599609375,8582.7001953125,8748.099609375,497983900
2020-03-02,8741.5,8913.5,8541.099609375,8910.2001953125,355485000
2020-03-03,8811.599609375,9014.2998046875,8776.400390625,8860.2001953125,351219900
2020-03-04,8910.0,8963.7001953125,8745.900390625,8827.7998046875,321258300
2020-03-05,8683.0,8962.5,8639.900390625,8960.7998046875,342803500
2020-03-06,8375.599609375,8542.0,8310.400390625,8532.599609375,345901100
2020-03-09,7708.7001953125,8022.89990234375,7621.39990234375,7884.0,598769200
2020-03-10,7461.5,8007.7001953125,7440.60009765625,7815.60009765625,506034000
2020-03-11,7436.39990234375,7717.10009765625,7364.60009765625,7589.2998046875,369150100
2020-03-12,6390.89990234375,7077.7001953125,6347.0,7040.7998046875,723609100
2020-03-13,6629.60009765625,7140.5,6468.2998046875,6763.7001953125,473165800
2020-03-16,6107.2001953125,6362.5,5814.5,6331.0,583614700
2020-03-17,6498.5,6557.2998046875,6083.0,6444.5,388451800
2020-03-18,6274.7998046875,6524.2001953125,6174.10009765625,6370.5,398609500
2020-03-19,6395.7998046875,6506.39990234375,6228.2998046875,6368.2001953125,346225500
2020-03-20,6443.2998046875,6769.89990234375,6371.10009765625,6645.39990234375,486796200
2020-03-23,6230.2001953125,6472.0,6148.0,6223.7001953125,282033200
2020-03-24,6717.2998046875,6717.2998046875,6403.60009765625,6433.2998046875,301211900
2020-03-25,6942.39990234375,7058.10009765625,6625.7998046875,6985.89990234375,322631900
2020-03-26,7033.2001953125,7033.2001953125,6759.10009765625,6789.0,248806600
2020-03-27,6777.89990234375,6936.7001953125,6661.89990234375,6916.7001953125,225316500
2020-03-30,6659.89990234375,6789.10009765625,6507.0,6748.60009765625,232005200
2020-03-31,6785.39990234375,6802.0,6624.7001953125,6746.7998046875,258181200
2020-04-01,6579.39990234375,6687.7998046875,6565.2001953125,6627.2998046875,235113700
2020-04-02,6574.10009765625,6658.89990234375,6424.5,6633.7001953125,233309800
2020-04-03,6581.60009765625,6632.5,6509.39990234375,6563.60009765625,215387500
2020-04-06,6844.2998046875,6874.89990234375,6728.60009765625,6807.89990234375,225965400
2020-04-07,7002.0,7119.10009765625,6903.60009765625,6986.89990234375,260857500
2020-04-08,6951.7998046875,6952.5,6860.60009765625,6930.2001953125,155910100
2020-04-09,7070.60009765625,7116.7998046875,6918.7001953125,7049.2998046875,240348600
2020-04-14,7108.60009765625,7209.7001953125,7080.2998046875,7209.7001953125,259986200
2020-04-15,6839.5,7086.7998046875,6816.39990234375,7065.60009765625,289924500
2020-04-16,6763.39990234375,6950.89990234375,6733.10009765625,6930.7998046875,237962600
2020-04-17,6875.7998046875,7000.2998046875,6845.0,6942.5,251272600
2020-04-20,6831.5,6933.2998046875,6715.0,6932.5,186644500
2020-04-21,6634.89990234375,6760.89990234375,6634.89990234375,6741.2998046875,200783000
2020-04-22,6719.7998046875,6729.60009765625,6654.2001953125,6685.10009765625,177928500
2020-04-23,6746.5,6797.60009765625,6713.60009765625,6758.7001953125,163723500
2020-04-24,6613.89990234375,6710.7998046875,6578.10009765625,6641.2998046875,182925300
2020-04-27,6731.7998046875,6790.10009765625,6667.2998046875,6780.89990234375,147263100
2020-04-28,6836.39990234375,6857.89990234375,6707.89990234375,6724.60009765625,233782400
2020-04-29,7055.7001953125,7055.7001953125,6816.7998046875,6829.39990234375,247762400
2020-04-30,6922.2998046875,7128.39990234375,6918.2998046875,7084.7998046875,314979200
2020-05-04,6673.2998046875,6767.7001953125,6673.2998046875,6767.7001953125,241555200
2020-05-05,6747.7001953125,6815.89990234375,6680.7001953125,6772.2001953125,203873600
2020-05-06,6671.7001953125,6762.5,6666.2001953125,6719.7998046875,166015200
2020-05-07,6730.89990234375,6747.2001953125,6666.39990234375,6714.89990234375,167460700
2020-05-08,6783.10009765625,6807.39990234375,6715.39990234375,6790.7001953125,128578300
2020-05-11,6672.2001953125,6854.7001953125,6651.7001953125,6830.89990234375,217443300
2020-05-12,6762.7001953125,6795.10009765625,6663.2001953125,6672.7001953125,172853600
2020-05-13,6631.39990234375,6728.2001953125,6631.39990234375,6694.0,245673600
2020-05-14,6545.60009765625,6609.0,6421.39990234375,6569.7001953125,258952900
2020-05-15,6474.89990234375,6624.2998046875,6466.0,6594.39990234375,203854400
2020-05-18,6779.2998046875,6790.2001953125,6558.10009765625,6583.10009765625,203486600
2020-05-19,6609.10009765625,6872.60009765625,6555.60009765625,6864.2001953125,501358300
2020-05-20,6683.60009765625,6697.10009765625,6499.10009765625,6593.39990234375,341451800
2020-05-21,6686.10009765625,6773.39990234375,6579.89990234375,6612.7001953125,258583100
2020-05-22,6697.5,6751.7998046875,6585.7001953125,6618.2001953125,292688300
2020-05-25,6856.7998046875,6856.7998046875,6725.2001953125,6766.60009765625,187072800
2020-05-26,7003.89990234375,7023.7998046875,6917.10009765625,6940.60009765625,383729100
2020-05-27,7174.5,7229.0,7030.2001953125,7034.0,501006600
2020-05-28,7224.10009765625,7244.5,7141.39990234375,7237.2998046875,375466600
2020-05-29,7096.5,7201.7998046875,7096.5,7164.2998046875,903979900
2020-06-01,7221.39990234375,7276.0,7160.10009765625,7228.7001953125,291929600
2020-06-02,7408.10009765625,7445.2998046875,7236.89990234375,7264.0,402947100
2020-06-03,7626.39990234375,7629.7001953125,7448.89990234375,7487.2998046875,445036400
2020-06-04,7566.7998046875,7669.2001953125,7516.0,7567.7001953125,514858000
2020-06-05,7872.60009765625,7890.39990234375,7664.10009765625,7672.0,573283900
2020-06-08,7896.10009765625,7992.7001953125,7796.60009765625,7813.10009765625,557213300
2020-06-09,7752.2998046875,7914.7001953125,7683.2001953125,7878.2001953125,453061900
2020-06-10,7663.89990234375,7861.0,7649.39990234375,7779.7998046875,355564600
2020-06-11,7278.0,7486.5,7278.0,7486.5,456667800
2020-06-12,7292.7001953125,7425.2998046875,7205.0,7232.2001953125,370125100
2020-06-15,7259.2998046875,7309.39990234375,7062.89990234375,7116.89990234375,329041900
2020-06-16,7495.2998046875,7599.2998046875,7349.7001953125,7420.7998046875,388212600
2020-06-17,7478.7001953125,7552.5,7402.5,7458.10009765625,333500600
2020-06-18,7390.2001953125,7495.2001953125,7318.10009765625,7436.39990234375,326763200
2020-06-19,7414.2001953125,7502.10009765625,7401.0,7444.2001953125,634635200
2020-06-22,7345.7001953125,7426.89990234375,7300.7001953125,7371.60009765625,220420500
2020-06-23,7438.39990234375,7495.10009765625,7366.60009765625,7408.7998046875,260896400
2020-06-24,7195.5,7440.89990234375,7195.5,7403.89990234375,248464400
2020-06-25,7270.2998046875,7295.7998046875,7077.7998046875,7176.39990234375,267871700
2020-06-26,7178.39990234375,7344.89990234375,7172.10009765625,7324.5,215724300
2020-06-29,7278.10009765625,7318.2998046875,7146.2998046875,7160.10009765625,216619400
2020-06-30,7231.39990234375,7307.5,7173.0,7270.60009765625,233654700
2020-07-01,7227.39990234375,7283.89990234375,7127.10009765625,7245.60009765625,194032100
2020-07-02,7498.60009765625,7538.2001953125,7292.7001953125,7292.7001953125,310243600
2020-07-03,7403.5,7520.60009765625,7374.89990234375,7510.2998046875,181467000
2020-07-06,7556.2001953125,7632.2998046875,7517.2998046875,7566.5,253508300
2020-07-07,7447.39990234375,7511.2998046875,7441.2998046875,7491.5,191351100
2020-07-08,7326.39990234375,7382.7001953125,7307.39990234375,7361.0,213489300
2020-07-09,7236.89990234375,7383.5,7221.10009765625,7369.89990234375,176465600
2020-07-10,7321.10009765625,7324.2998046875,7183.2001953125,7198.39990234375,182314500
2020-07-13,7426.89990234375,7452.10009765625,7345.89990234375,7403.2001953125,179024200
2020-07-14,7352.0,7352.0,7268.39990234375,7344.39990234375,201386900
2020-07-15,7487.60009765625,7529.60009765625,7317.60009765625,7416.10009765625,262957900
2020-07-16,7474.7001953125,7498.0,7425.2998046875,7438.7998046875,178623900
2020-07-17,7440.39990234375,7485.0,7395.7998046875,7474.10009765625,196831900
2020-07-20,7478.0,7495.5,7365.10009765625,7442.5,148683100
2020-07-21,7494.5,7654.7998046875,7473.5,7554.2001953125,300453100
2020-07-22,7390.10009765625,7498.60009765625,7368.2001953125,7474.7001953125,192701200
2020-07-23,7384.89990234375,7442.2001953125,7357.2001953125,7434.7001953125,167589000
2020-07-24,7294.7001953125,7322.7001953125,7241.10009765625,7301.7998046875,183906100
2020-07-27,7170.60009765625,7268.0,7141.2998046875,7267.7998046875,232707600
2020-07-28,7246.39990234375,7257.2998046875,7170.60009765625,7191.89990234375,162297200
2020-07-29,7206.2001953125,7260.2001953125,7171.2998046875,7247.60009765625,210361700
2020-07-30,6996.60009765625,7192.7001953125,6924.7001953125,7192.2998046875,324376500
2020-07-31,6877.39990234375,7049.5,6877.39990234375,7025.2001953125,312298100
2020-08-03,6975.0,6983.2998046875,6788.89990234375,6867.39990234375,282337300
2020-08-04,7021.60009765625,7064.7998046875,6955.39990234375,7003.0,225242000
2020-08-05,7039.7001953125,7123.5,7027.7001953125,7073.2001953125,208795900
2020-08-06,6957.89990234375,7046.10009765625,6917.0,7022.10009765625,205847300
2020-08-07,6950.5,6961.7998046875,6876.7001953125,6929.10009765625,184151000
2020-08-10,7053.89990234375,7053.89990234375,6957.0,7004.39990234375,208030800
2020-08-11,7263.5,7290.10009765625,7104.0,7104.0,271632300
2020-08-12,7296.0,7317.89990234375,7225.7001953125,7250.2998046875,219850300
2020-08-13,7250.5,7321.89990234375,7240.7998046875,7267.89990234375,159766300
2020-08-14,7154.2998046875,7227.60009765625,7064.0,7224.10009765625,175803800
2020-08-17,7090.10009765625,7173.2998046875,7064.10009765625,7141.5,131241200
2020-08-18,7043.5,7165.60009765625,7024.39990234375,7065.7001953125,142775200
2020-08-19,7094.2998046875,7094.2998046875,7002.7998046875,7039.10009765625,132230000
2020-08-20,6993.2998046875,7034.5,6974.89990234375,7011.39990234375,155668600
2020-08-21,6982.10009765625,7025.89990234375,6900.5,7016.7001953125,171116500
2020-08-24,7109.10009765625,7120.7998046875,7037.2998046875,7044.2001953125,147789200
2020-08-25,7108.39990234375,7215.10009765625,7103.2001953125,7147.89990234375,189748500
2020-08-26,7123.0,7136.5,7070.39990234375,7088.39990234375,122064500
2020-08-27,7090.7001953125,7130.2001953125,7029.2001953125,7114.10009765625,162183000
2020-08-28,7133.0,7162.89990234375,7055.10009765625,7114.7001953125,193354900
2020-08-31,6969.5,7198.2998046875,6960.0,7174.2998046875,205260600
2020-09-01,6956.89990234375,7042.0,6903.0,7038.5,226079800
2020-09-02,6996.89990234375,7046.10009765625,6963.89990234375,6973.10009765625,208505300
2020-09-03,7006.0,7159.60009765625,6971.2001953125,7065.2001953125,246671100
2020-09-04,6989.7001953125,7133.39990234375,6954.7001953125,7015.7001953125,462539100
2020-09-07,7080.7001953125,7098.0,7013.0,7032.7998046875,257575100
2020-09-08,6955.0,7102.60009765625,6899.0,7087.89990234375,246699200
2020-09-09,7020.89990234375,7038.60009765625,6938.89990234375,6946.39990234375,202896600
2020-09-10,6999.2001953125,7050.89990234375,6967.39990234375,7020.60009765625,211096000
2020-09-11,6943.2001953125,7000.89990234375,6910.39990234375,6989.39990234375,209115200
2020-09-14,6951.10009765625,7005.7001953125,6935.0,6989.7998046875,199767400
2020-09-15,7036.0,7064.0,6954.7998046875,6958.89990234375,204185200
2020-09-16,7110.7998046875,7110.7998046875,7020.7001953125,7048.2998046875,239805900
2020-09-17,7086.2001953125,7101.7998046875,7013.7998046875,7027.10009765625,214242300
2020-09-18,6929.7998046875,7075.2998046875,6923.60009765625,7073.7998046875,975212000
2020-09-21,6692.2998046875,6892.89990234375,6678.7998046875,6892.89990234375,384701000
2020-09-22,6648.60009765625,6758.0,6645.60009765625,6752.89990234375,286493700
2020-09-23,6654.2001953125,6781.10009765625,6654.2001953125,6717.7998046875,294826200
2020-09-24,6643.39990234375,6705.7001953125,6562.60009765625,6577.60009765625,285830200
2020-09-25,6628.2998046875,6681.89990234375,6552.2998046875,6647.39990234375,263364400
2020-09-28,6791.5,6798.89990234375,6681.39990234375,6709.2001953125,212053800
2020-09-29,6713.60009765625,6790.7001953125,6713.60009765625,6769.5,198774100
2020-09-30,6716.60009765625,6771.10009765625,6639.7001953125,6663.60009765625,247927500
2020-10-01,6730.7001953125,6800.7998046875,6701.2001953125,6789.10009765625,227516000
2020-10-02,6754.5,6754.5,6648.89990234375,6675.39990234375,227139400
2020-10-05,6837.89990234375,6851.0,6794.10009765625,6814.5,237493400
2020-10-06,6936.2001953125,6975.39990234375,6838.7998046875,6860.10009765625,265233500
2020-10-07,6910.10009765625,6952.60009765625,6887.10009765625,6920.2001953125,207416200
2020-10-08,6992.7998046875,7018.7998046875,6951.7001953125,6953.2001953125,202093000
2020-10-09,6950.89990234375,7024.60009765625,6936.7001953125,6992.89990234375,182746300
2020-10-12,6951.0,6979.89990234375,6924.7998046875,6968.7998046875,167258200
2020-10-13,6875.2001953125,6960.60009765625,6854.60009765625,6945.2001953125,205874300
2020-10-14,6916.60009765625,6946.7998046875,6846.5,6880.39990234375,178694400
2020-10-15,6816.7998046875,6842.2998046875,6763.0,6840.2001953125,237247000
2020-10-16,6849.7001953125,6877.0,6784.60009765625,6851.89990234375,234162000
2020-10-19,6860.2001953125,6932.7998046875,6816.39990234375,6882.10009765625,173622600
2020-10-20,6927.2998046875,6972.10009765625,6826.7001953125,6834.7998046875,221477800
2020-10-21,6811.5,6962.2001953125,6806.10009765625,6961.5,207333200
2020-10-22,6796.60009765625,6839.5,6709.2998046875,6775.2001953125,212045300
2020-10-23,6893.39990234375,6902.0,6791.89990234375,6802.10009765625,221927800
2020-10-26,6796.89990234375,6904.2001953125,6789.7001953125,6797.89990234375,195991200
2020-10-27,6651.2998046875,6846.7001953125,6647.0,6845.2001953125,273169200
2020-10-28,6474.39990234375,6563.7998046875,6423.2998046875,6560.7998046875,323758000
2020-10-29,6411.7998046875,6514.0,6329.5,6467.7001953125,298195700
2020-10-30,6452.2001953125,6461.60009765625,6345.2998046875,6351.39990234375,260708300
2020-11-02,6585.60009765625,6590.7001953125,6396.2998046875,6481.39990234375,222245200
2020-11-03,6751.60009765625,6760.7998046875,6608.7001953125,6636.10009765625,281852500
2020-11-04,6781.89990234375,6790.7998046875,6563.7001953125,6616.7001953125,274816200
2020-11-05,6924.2001953125,6948.2998046875,6814.2001953125,6833.5,255824700
2020-11-06,6870.39990234375,6940.39990234375,6829.39990234375,6890.60009765625,206308100
2020-11-09,7459.39990234375,7535.2998046875,6945.7998046875,6972.2998046875,751200600
2020-11-10,7711.39990234375,7720.2998046875,7439.5,7447.10009765625,705610500
2020-11-11,7793.7001953125,7804.60009765625,7675.7998046875,7733.7998046875,401246900
2020-11-12,7726.0,7773.2998046875,7688.0,7721.7001953125,309657400
2020-11-13,7783.7001953125,7823.10009765625,7686.2001953125,7698.60009765625,297808600
2020-11-16,7986.2001953125,8102.39990234375,7879.0,7905.89990234375,601880600
2020-11-17,7934.2998046875,7979.0,7835.7998046875,7979.0,428970100
2020-11-18,7981.5,7994.2998046875,7888.7001953125,7914.10009765625,296385800
2020-11-19,7930.2001953125,7978.7998046875,7863.89990234375,7907.2001953125,261607300
2020-11-20,7977.89990234375,8001.10009765625,7920.0,7938.7998046875,232651500
2020-11-23,7981.2001953125,8067.2998046875,7972.2001953125,8029.10009765625,278313000
2020-11-24,8143.2001953125,8143.2001953125,8045.2998046875,8052.39990234375,351639600
2020-11-25,8164.7001953125,8199.900390625,8084.39990234375,8172.39990234375,294450000
2020-11-26,8104.60009765625,8184.89990234375,8086.7001953125,8184.7998046875,218317400
2020-11-27,8190.7001953125,8190.7001953125,8054.39990234375,8069.10009765625,415126100
2020-11-30,8076.89990234375,8165.2001953125,8075.39990234375,8130.60009765625,544905000
2020-12-01,8140.7998046875,8176.39990234375,8100.2001953125,8112.7001953125,284946100
2020-12-02,8220.7998046875,8226.2001953125,8104.2001953125,8111.10009765625,310837500
2020-12-03,8200.7001953125,8223.400390625,8154.7998046875,8208.099609375,233469300
2020-12-04,8322.900390625,8322.900390625,8197.0,8201.2001953125,352968100
2020-12-07,8275.599609375,8296.400390625,8225.5,8283.2998046875,228160200
2020-12-08,8227.599609375,8273.599609375,8206.2998046875,8262.400390625,202823300
2020-12-09,8235.2998046875,8292.599609375,8223.099609375,8262.2001953125,212038900
2020-12-10,8182.2998046875,8284.2998046875,8124.89990234375,8260.2998046875,272111500
2020-12-11,8063.10009765625,8151.39990234375,7978.10009765625,8147.7998046875,269809400
2020-12-14,8140.7998046875,8222.5,8140.5,8160.2001953125,225309600
2020-12-15,8152.39990234375,8166.60009765625,8099.7001953125,8153.2001953125,213877000
2020-12-16,8139.5,8209.7001953125,8104.39990234375,8166.39990234375,218432700
2020-12-17,8153.39990234375,8180.7998046875,8110.5,8164.60009765625,193099700
2020-12-18,8037.39990234375,8159.39990234375,8036.7001953125,8114.2998046875,355173100
2020-12-21,7789.7998046875,7872.2998046875,7663.5,7860.89990234375,339116800
2020-12-22,7934.2001953125,7942.39990234375,7818.0,7822.0,187112500
2020-12-23,8073.60009765625,8084.2001953125,7940.0,7948.7998046875,183108500
2020-12-24,8111.5,8112.39990234375,8073.2998046875,8101.2001953125,83708200
2020-12-28,8155.60009765625,8192.099609375,8122.2001953125,8179.2998046875,147457600
2020-12-29,8174.7998046875,8225.7998046875,8167.0,8203.2001953125,143794800
2020-12-30,8154.39990234375,8194.2001953125,8149.7998046875,8174.2001953125,129930500
2020-12-31,8073.7001953125,8129.7998046875,8073.7001953125,8116.89990234375,82261100
2021-01-04,8099.2001953125,8207.2001953125,8053.0,8191.7998046875,213153000
2021-01-05,8091.5,8118.10009765625,8037.39990234375,8052.2001953125,173796400
2021-01-06,8350.2998046875,8383.7001953125,8134.10009765625,8179.7998046875,275695700
2021-01-07,8385.7998046875,8399.5,8274.099609375,8383.7998046875,247341500
2021-01-08,8407.7001953125,8439.7001953125,8366.2001953125,8439.7001953125,204981400
2021-01-11,8357.5,8411.900390625,8317.0,8369.2001953125,188251800
2021-01-12,8345.900390625,8396.2998046875,8322.400390625,8375.2001953125,207298100
2021-01-13,8361.099609375,8386.599609375,8318.7001953125,8353.900390625,206409700
2021-01-14,8372.400390625,8394.400390625,8335.900390625,8360.900390625,196757600
2021-01-15,8230.7001953125,8361.7001953125,8173.7998046875,8332.2001953125,251305100
2021-01-18,8254.5,8259.400390625,8180.7001953125,8194.7001953125,122092800
2021-01-19,8199.0,8320.2001953125,8198.400390625,8303.7001953125,162964400
2021-01-20,8204.099609375,8240.900390625,8140.2998046875,8220.2998046875,147519500
2021-01-21,8122.10009765625,8275.900390625,8117.89990234375,8234.5,179934200
2021-01-22,8036.39990234375,8078.10009765625,7971.10009765625,8072.7001953125,233703000
2021-01-25,7897.2998046875,8085.7998046875,7846.0,8076.89990234375,218852300
2021-01-26,7964.89990234375,8008.5,7907.7001953125,7907.7001953125,177642900
2021-01-27,7852.7001953125,7995.5,7782.5,7950.39990234375,208275300
2021-01-28,7932.5,7958.89990234375,7713.5,7767.2001953125,201655300
2021-01-29,7757.5,7882.89990234375,7757.2998046875,7825.7998046875,250623200
2021-02-01,7798.2001953125,7842.2998046875,7779.7998046875,7823.0,182007000
2021-02-02,7950.89990234375,7958.89990234375,7828.10009765625,7844.60009765625,238438100
2021-02-03,8012.7998046875,8088.2001953125,7983.2998046875,8048.2001953125,220821600
2021-02-04,8122.60009765625,8122.60009765625,8005.39990234375,8031.39990234375,241673000
2021-02-05,8214.7001953125,8227.2001953125,8107.2998046875,8129.7998046875,261535200
2021-02-08,8219.0,8260.2998046875,8187.89990234375,8251.7998046875,203539900
2021-02-09,8101.0,8219.0,8090.7998046875,8216.7998046875,159552300
2021-02-10,8065.39990234375,8144.2998046875,8026.89990234375,8127.2001953125,170296200
2021-02-11,8037.60009765625,8095.10009765625,8008.2001953125,8067.10009765625,136461900
2021-02-12,8055.0,8055.0,7921.2998046875,8025.0,157832900
2021-02-15,8203.5,8218.599609375,8108.2001953125,8124.39990234375,193906300
2021-02-16,8153.7001953125,8222.2998046875,8129.2001953125,8215.099609375,164686700
2021-02-17,8122.7001953125,8176.2998046875,8073.89990234375,8140.7998046875,190607900
2021-02-18,8058.10009765625,8168.60009765625,8045.2998046875,8133.5,151455500
2021-02-19,8151.60009765625,8172.60009765625,8016.10009765625,8066.7001953125,209007000
2021-02-22,8112.2001953125,8126.2998046875,8045.2998046875,8119.60009765625,221465900
2021-02-23,8252.099609375,8259.900390625,8107.60009765625,8128.0,293160800
2021-02-24,8269.599609375,8311.5,8205.2001953125,8266.599609375,225852700
2021-02-25,8317.7998046875,8387.0,8310.7001953125,8331.2001953125,309755000
2021-02-26,8225.0,8377.099609375,8166.2998046875,8218.599609375,291865800
2021-03-01,8378.099609375,8395.900390625,8291.2998046875,8324.599609375,182097000
2021-03-02,8355.7998046875,8436.5,8328.599609375,8360.900390625,177712100
2021-03-03,8329.2998046875,8466.599609375,8278.5,8397.599609375,240923800
2021-03-04,8354.0,8382.2001953125,8273.900390625,8285.099609375,207044300
2021-03-05,8286.7998046875,8387.099609375,8239.7001953125,8322.099609375,259819800
2021-03-08,8444.2001953125,8458.400390625,8307.5,8358.0,235094900
2021-03-09,8496.400390625,8516.2001953125,8416.0,8446.2998046875,281898000
2021-03-10,8525.2001953125,8561.099609375,8462.2998046875,8479.5,203746300
2021-03-11,8593.0,8609.5,8495.7998046875,8567.599609375,189021600
2021-03-12,8644.5,8644.5,8554.400390625,8570.0,149113500
2021-03-15,8635.400390625,8740.099609375,8617.599609375,8689.900390625,210887200
2021-03-16,8657.7001953125,8717.599609375,8617.7998046875,8679.400390625,209943700
2021-03-17,8599.5,8659.099609375,8570.099609375,8652.099609375,173237000
2021-03-18,8624.599609375,8658.7998046875,8587.099609375,8632.599609375,237338400
2021-03-19,8493.0,8591.2001953125,8465.900390625,8560.099609375,375052600
2021-03-22,8343.5,8432.599609375,8324.7998046875,8430.2001953125,229082300
2021-03-23,8390.2998046875,8425.900390625,8274.2001953125,8316.7001953125,203402800
2021-03-24,8443.7001953125,8443.7001953125,8288.7998046875,8351.2998046875,187924600
2021-03-25,8409.5,8439.2001953125,8299.7001953125,8420.2998046875,161359200
2021-03-26,8498.2001953125,8528.7998046875,8437.7998046875,8480.5,233895700
2021-03-29,8492.099609375,8540.400390625,8451.5,8502.7998046875,177594200
2021-03-30,8595.2001953125,8612.2998046875,8532.400390625,8542.900390625,171860100
2021-03-31,8580.0,8652.2001953125,8568.0,8594.7001953125,265542300
2021-04-01,8577.599609375,8610.099609375,8542.7001953125,8595.599609375,150979000
2021-04-06,8634.599609375,8691.900390625,8615.5,8673.2001953125,201717300
2021-04-07,8597.400390625,8661.7998046875,8592.2001953125,8648.2998046875,137394800
2021-04-08,8637.7998046875,8637.7998046875,8564.400390625,8626.5,165761800
2021-04-09,8565.7998046875,8647.400390625,8565.7998046875,8639.2998046875,133458400
2021-04-12,8532.599609375,8556.900390625,8481.0,8556.099609375,131409400
2021-04-13,8525.099609375,8568.2998046875,8467.2998046875,8533.2001953125,152574000
2021-04-14,8588.400390625,8595.7001953125,8510.099609375,8532.599609375,133519000
2021-04-15,8571.599609375,8621.900390625,8564.7001953125,8603.099609375,146073800
2021-04-16,8613.5,8656.400390625,8553.599609375,8585.0,176861600
2021-04-19,8711.400390625,8741.400390625,8609.2998046875,8613.7998046875,171375300
2021-04-20,8459.400390625,8703.900390625,8450.7001953125,8699.400390625,214621600
2021-04-21,8519.7998046875,8566.2998046875,8426.2001953125,8492.900390625,175189200
2021-04-22,8656.7998046875,8656.7998046875,8527.5,8548.599609375,136381300
2021-04-23,8618.599609375,8674.0,8571.7001953125,8629.400390625,118119300
2021-04-26,8701.900390625,8714.599609375,8590.599609375,8629.900390625,162998200
2021-04-27,8756.7001953125,8756.7001953125,8655.2998046875,8690.7998046875,183162900
2021-04-28,8799.599609375,8815.900390625,8717.599609375,8779.099609375,218196700
2021-04-29,8823.2001953125,8869.900390625,8801.400390625,8821.7998046875,261774400
2021-04-30,8815.0,8860.400390625,8808.599609375,8822.2998046875,267612000
2021-05-03,8893.7001953125,8904.7001953125,8796.2998046875,8821.599609375,150399700
2021-05-04,8830.400390625,9002.400390625,8811.900390625,8906.0,231895800
2021-05-05,8967.7998046875,8967.7998046875,8881.400390625,8896.7001953125,180443400
2021-05-06,8982.2001953125,9010.5,8912.2001953125,8982.599609375,188334200
2021-05-07,9059.2001953125,9065.900390625,8982.900390625,9042.0,191889900
2021-05-10,9144.2998046875,9149.099609375,9061.099609375,9121.5,237075400
2021-05-11,8987.2001953125,9078.7001953125,8948.099609375,9065.099609375,232088700
2021-05-12,9007.7001953125,9055.2001953125,8953.400390625,8990.2001953125,195759200
2021-05-13,8966.2001953125,8989.599609375,8804.2998046875,8932.7001953125,173524400
2021-05-14,9145.599609375,9149.0,9005.900390625,9036.2998046875,161364300
2021-05-17,9155.599609375,9203.0,9099.5,9166.7001953125,164174400
2021-05-18,9183.900390625,9241.5,9127.2001953125,9214.2001953125,176037400
2021-05-19,9070.7001953125,9164.7001953125,8977.900390625,9121.400390625,200253900
2021-05-20,9124.2998046875,9124.2998046875,8997.2001953125,9112.099609375,138305200
2021-05-21,9204.0,9223.900390625,9110.599609375,9129.599609375,175406200
2021-05-24,9205.5,9243.2001953125,9170.7998046875,9230.400390625,91842700
2021-05-25,9208.7001953125,9245.599609375,9197.0,9220.900390625,147285300
2021-05-26,9196.900390625,9243.400390625,9144.900390625,9232.0,160831700
2021-05-27,9186.099609375,9254.7001953125,9173.5,9183.7998046875,325441300
2021-05-28,9224.599609375,9243.2998046875,9204.2998046875,9237.7998046875,192320800
2021-05-31,9148.900390625,9226.099609375,9148.900390625,9224.2001953125,102386400
2021-06-01,9189.7001953125,9226.7998046875,9137.2001953125,9167.2998046875,143121400
2021-06-02,9180.7001953125,9216.0,9152.0,9198.2998046875,137506400
2021-06-03,9142.400390625,9189.400390625,9086.599609375,9179.7998046875,164216700
2021-06-04,9088.2998046875,9158.7998046875,9071.2001953125,9144.5,131208100
2021-06-07,9163.599609375,9175.900390625,9042.0,9076.099609375,129664800
2021-06-08,9153.599609375,9204.7998046875,9110.599609375,9159.599609375,144263700
2021-06-09,9156.099609375,9185.0,9128.7998046875,9157.2001953125,124744700
2021-06-10,9133.7998046875,9205.099609375,9113.099609375,9190.7998046875,154773800
2021-06-11,9205.0,9211.7998046875,9131.099609375,9144.0,107059800
2021-06-14,9281.099609375,9302.7001953125,9233.0,9238.7001953125,135889000
2021-06-15,9230.7001953125,9310.7998046875,9220.7001953125,9310.7998046875,119439700
2021-06-16,9202.2001953125,9274.599609375,9201.0,9266.2998046875,161804400
2021-06-17,9195.900390625,9272.0,9170.7001953125,9178.7998046875,203696100
2021-06-18,9030.599609375,9185.400390625,8976.400390625,9166.2998046875,452775400
2021-06-21,9051.7001953125,9063.2001953125,8906.0,8970.099609375,167378300
2021-06-22,9053.2998046875,9073.7001953125,8998.7998046875,9073.7001953125,137668000
2021-06-23,8954.099609375,9092.7001953125,8954.099609375,9072.2001953125,112812200
2021-06-24,9074.099609375,9098.099609375,8985.099609375,9015.400390625,130938500
2021-06-25,9095.0,9107.2001953125,9034.599609375,9101.0,130343900
2021-06-28,8913.7001953125,9083.5,8913.7001953125,9075.5,152784500
2021-06-29,8915.099609375,8957.599609375,8884.7998046875,8897.400390625,142239100
2021-06-30,8821.2001953125,8903.7001953125,8765.2998046875,8892.7001953125,190176400
2021-07-01,8932.2998046875,8957.7998046875,8862.2001953125,8862.2998046875,122723600
2021-07-02,8907.599609375,8968.099609375,8873.599609375,8951.7001953125,115691700
2021-07-05,8946.400390625,8965.5,8862.400390625,8900.5,100801100
2021-07-06,8860.7998046875,8959.900390625,8837.2001953125,8924.099609375,152719800
2021-07-07,8854.5,8904.5,8826.0,8877.900390625,149997700
2021-07-08,8650.099609375,8772.900390625,8597.7998046875,8768.099609375,201968800
2021-07-09,8776.599609375,8780.7001953125,8654.5,8680.7998046875,141622900
2021-07-12,8816.7001953125,8822.0,8696.7998046875,8791.900390625,103461800
2021-07-13,8694.7998046875,8832.2001953125,8676.7001953125,8824.2998046875,133852800
2021-07-14,8658.2998046875,8712.0,8625.599609375,8674.7001953125,120506000
2021-07-15,8527.0,8626.400390625,8507.400390625,8626.400390625,131271100
2021-07-16,8506.2001953125,8607.400390625,8423.099609375,8546.599609375,147772600
2021-07-19,8301.7001953125,8455.2001953125,8252.2001953125,8450.900390625,212387300
2021-07-20,8358.0,8384.7998046875,8265.599609375,8337.7998046875,155554100
2021-07-21,8567.0,8585.400390625,8384.2998046875,8390.900390625,160923000
2021-07-22,8621.7998046875,8683.7001953125,8601.5,8604.099609375,140853100
2021-07-23,8717.2001953125,8757.5,8652.099609375,8657.400390625,123289800
2021-07-26,8775.2001953125,8786.7001953125,8630.7001953125,8655.099609375,136517300
2021-07-27,8699.2001953125,8768.5,8651.7001953125,8723.7001953125,131607900
2021-07-28,8733.7001953125,8774.599609375,8691.7998046875,8716.900390625,153261800
2021-07-29,8786.2998046875,8840.7001953125,8753.7998046875,8765.099609375,188717200
2021-07-30,8675.7001953125,8753.5,8665.7001953125,8737.5,203148300
2021-08-02,8758.7001953125,8815.2001953125,8723.2998046875,8723.2998046875,140846000
2021-08-03,8772.7998046875,8824.2001953125,8735.599609375,8780.2001953125,131903900
2021-08-04,8792.900390625,8806.599609375,8735.400390625,8806.599609375,117417500
2021-08-05,8836.5,8842.2998046875,8747.400390625,8780.0,108944800
2021-08-06,8879.0,8892.599609375,8796.7998046875,8839.900390625,139018600
2021-08-09,8865.900390625,8893.7001953125,8843.599609375,8870.2001953125,102353900
2021-08-10,8899.0,8903.2001953125,8842.400390625,8867.599609375,106389600
2021-08-11,8975.7998046875,8981.5,8911.900390625,8915.900390625,112210300
2021-08-12,8979.400390625,8999.599609375,8961.5,8974.099609375,98153900
2021-08-13,8999.7998046875,9015.7001953125,8978.099609375,8987.900390625,90564900
2021-08-16,8926.599609375,8979.900390625,8900.2001953125,8933.7001953125,96313400
2021-08-17,8865.7001953125,8880.2001953125,8833.2998046875,8872.400390625,128850900
2021-08-18,8970.2001953125,8978.2998046875,8845.900390625,8852.7001953125,112288100
2021-08-19,8902.2001953125,8952.2001953125,8809.2001953125,8839.900390625,137588100
2021-08-20,8915.2998046875,8941.099609375,8851.5,8893.7001953125,126918700
2021-08-23,8968.099609375,8989.900390625,8910.900390625,8973.400390625,91085100
2021-08-24,8948.599609375,9010.900390625,8884.2998046875,8996.099609375,101636400
2021-08-25,8977.400390625,9000.0,8947.2998046875,8958.7001953125,128024000
2021-08-26,8892.7001953125,8946.400390625,8890.099609375,8945.0,101735300
2021-08-27,8922.2001953125,8924.099609375,8848.900390625,8899.099609375,74733200
2021-08-30,8867.900390625,8936.2001953125,8853.0,8925.7001953125,54118400
2021-08-31,8846.599609375,8913.2001953125,8783.2998046875,8880.599609375,185163000
2021-09-01,8991.5,9055.5,8923.7001953125,8923.7001953125,132646000
2021-09-02,8981.400390625,9020.7001953125,8958.0,8982.099609375,100427500
2021-09-03,8864.0,8984.5,8852.599609375,8981.5,139726800
2021-09-06,8882.2998046875,8915.900390625,8874.2998046875,8889.5,67762300
2021-09-07,8894.5,8899.7998046875,8848.5,8889.900390625,114239200
2021-09-08,8838.7001953125,8912.5,8748.2001953125,8856.5,155622500
2021-09-09,8800.599609375,8828.599609375,8725.2001953125,8783.400390625,149890500
2021-09-10,8695.2998046875,8832.599609375,8668.400390625,8826.099609375,139696400
2021-09-13,8816.099609375,8837.599609375,8721.400390625,8724.2001953125,115679900
2021-09-14,8780.0,8848.099609375,8751.7001953125,8801.400390625,128773000
2021-09-15,8635.400390625,8772.599609375,8629.0,8756.7001953125,178101000
2021-09-16,8733.7001953125,8757.400390625,8659.599609375,8659.599609375,186043200
2021-09-17,8760.900390625,8858.2998046875,8760.900390625,8789.7001953125,588035300
2021-09-20,8655.400390625,8690.2998046875,8551.2001953125,8643.7001953125,277154700
2021-09-21,8756.0,8807.7998046875,8710.0,8710.0,194808200
2021-09-22,8808.400390625,8841.0,8772.599609375,8826.2998046875,173512900
2021-09-23,8876.900390625,8908.2998046875,8853.900390625,8882.0,151032900
2021-09-24,8873.099609375,8898.2998046875,8835.5,8848.5,140557900
2021-09-27,9002.900390625,9011.900390625,8881.2001953125,8925.099609375,203426300
2021-09-28,8769.400390625,9034.7001953125,8769.400390625,9014.2998046875,207454000
2021-09-29,8879.400390625,8895.7001953125,8784.0,8820.5,178659800
2021-09-30,8796.2998046875,8954.599609375,8785.0,8943.7001953125,195050400
2021-10-01,8799.5,8807.7001953125,8654.7998046875,8693.400390625,182239800
2021-10-04,8791.7001953125,8882.099609375,8770.099609375,8801.7001953125,149564600
2021-10-05,8927.400390625,8927.400390625,8784.7998046875,8803.2001953125,169714200
2021-10-06,8775.0,8884.900390625,8723.7998046875,8884.900390625,183948100
2021-10-07,8962.7998046875,8974.2998046875,8877.2001953125,8880.599609375,201215200
2021-10-08,8955.0,9000.7998046875,8931.7998046875,8964.900390625,141240900
2021-10-11,8899.0,8965.7001953125,8875.5,8929.400390625,125070900
2021-10-12,8935.900390625,8935.900390625,8759.7998046875,8807.7001953125,163366100
2021-10-13,8881.400390625,8928.0,8861.400390625,8915.7001953125,191875300
2021-10-14,8925.0,9001.2001953125,8889.099609375,8944.5,155212800
2021-10-15,8997.0,9016.5,8944.099609375,8969.5,217374300
2021-10-18,8936.0,8994.599609375,8885.400390625,8984.400390625,139680500
2021-10-19,8996.2998046875,9020.0,8943.2001953125,8959.5,160869900
2021-10-20,9017.900390625,9038.0,8958.900390625,8966.599609375,160127000
2021-10-21,8944.2998046875,8989.7001953125,8928.2998046875,8964.599609375,153309300
2021-10-22,8906.400390625,8959.7001953125,8906.400390625,8952.2001953125,134363800
2021-10-25,8920.900390625,8963.7001953125,8891.900390625,8932.7998046875,159716400
2021-10-26,9001.599609375,9026.5,8915.7001953125,8925.5,137320700
2021-10-27,8972.2998046875,8999.099609375,8925.599609375,8995.099609375,167907900
2021-10-28,9025.7998046875,9030.2001953125,8918.0,8958.900390625,180332000
2021-10-29,9057.7001953125,9057.7001953125,8944.5,9002.599609375,228787400
2021-11-01,9182.599609375,9198.099609375,9061.599609375,9064.599609375,164893900
2021-11-02,9105.7001953125,9162.2998046875,9102.0,9160.599609375,130170200
2021-11-03,9030.7998046875,9084.7998046875,8989.5,9084.5,162875200
2021-11-04,9039.400390625,9096.2001953125,9011.2998046875,9054.2998046875,221406600
2021-11-05,9130.599609375,9164.099609375,9001.2001953125,9038.0,193267200
2021-11-08,9070.7998046875,9156.599609375,9069.5,9133.099609375,135353600
2021-11-09,9074.900390625,9128.5,9043.2998046875,9051.0,132145800
2021-11-10,9141.7998046875,9150.7001953125,9059.599609375,9059.599609375,146839500
2021-11-11,9092.2001953125,9164.099609375,9079.0,9127.900390625,150325800
2021-11-12,9080.7998046875,9093.599609375,9045.2001953125,9079.599609375,119663100
2021-11-15,9095.7001953125,9104.7001953125,8992.400390625,9036.099609375,144108200
2021-11-16,9040.2001953125,9118.0,9037.5,9086.099609375,155279200
2021-11-17,8993.400390625,9046.2998046875,8993.400390625,9042.900390625,139172900
2021-11-18,8903.2001953125,9013.2001953125,8885.7998046875,8984.7001953125,181599400
2021-11-19,8753.2001953125,8954.2998046875,8713.2001953125,8942.0,278697700
2021-11-22,8821.2998046875,8846.2998046875,8737.2998046875,8774.099609375,204208200
2021-11-23,8815.099609375,8873.400390625,8700.099609375,8763.0,196115700
2021-11-24,8792.0,8865.599609375,8759.2001953125,8827.5,174078100
2021-11-25,8840.900390625,8850.099609375,8795.099609375,8814.599609375,118560500
2021-11-26,8402.7001953125,8592.2998046875,8386.900390625,8592.2998046875,453060000
2021-11-29,8455.2001953125,8562.0,8431.7001953125,8487.599609375,240648500
2021-11-30,8305.099609375,8414.0,8260.7001953125,8345.5,369395400
2021-12-01,8452.599609375,8474.2001953125,8342.0,8357.099609375,203999700
2021-12-02,8300.7998046875,8390.0,8264.2998046875,8335.7001953125,197930100
2021-12-03,8241.7001953125,8374.2998046875,8210.2001953125,8371.900390625,169541900
2021-12-06,8439.7001953125,8446.7001953125,8288.599609375,8323.7998046875,143535600
2021-12-07,8559.5,8560.900390625,8472.7001953125,8523.599609375,170695000
2021-12-08,8478.400390625,8582.400390625,8462.5,8527.599609375,221534000
2021-12-09,8399.599609375,8490.2998046875,8394.2998046875,8490.2998046875,144639700
2021-12-10,8360.2001953125,8410.400390625,8339.5,8356.7001953125,116318700
2021-12-13,8322.7001953125,8408.900390625,8289.599609375,8380.599609375,140412000
2021-12-14,8378.5,8411.7001953125,8356.2001953125,8358.7998046875,163938900
2021-12-15,8275.0,8382.900390625,8268.0,8382.900390625,147413800
2021-12-16,8380.0,8433.7001953125,8356.7998046875,8387.400390625,198862600
2021-12-17,8311.599609375,8344.400390625,8246.7998046875,8328.5,323190600
2021-12-20,8242.400390625,8271.7001953125,8082.39990234375,8113.5,172112600
2021-12-21,8387.5,8394.2001953125,8274.7998046875,8344.7001953125,143384500
2021-12-22,8459.099609375,8461.7998046875,8373.2001953125,8388.900390625,115841000
2021-12-23,8563.7001953125,8587.7001953125,8469.7001953125,8476.7998046875,142486900
2021-12-27,8622.099609375,8634.2998046875,8508.400390625,8512.2001953125,93359100
2021-12-28,8688.900390625,8703.599609375,8617.0,8623.5,90378100
2021-12-29,8673.7001953125,8697.599609375,8641.2998046875,8691.5,110775600
2021-12-30,8713.7998046875,8728.0,8661.5,8665.7998046875,127210400
2022-01-03,8761.2001953125,8808.099609375,8725.0,8729.7001953125,117500900
2022-01-04,8795.7998046875,8834.099609375,8784.7001953125,8821.599609375,192378100
2022-01-05,8790.7998046875,8821.599609375,8768.099609375,8799.599609375,146051700
2022-01-06,8789.900390625,8789.900390625,8628.900390625,8664.599609375,174962400
2022-01-07,8751.7998046875,8796.5,8709.5,8781.900390625,170218700
2022-01-10,8706.900390625,8775.400390625,8679.5,8771.400390625,183558300
2022-01-11,8755.900390625,8790.0,8719.0,8726.7998046875,169260700
2022-01-12,8770.2998046875,8804.099609375,8754.7998046875,8803.099609375,164262600
2022-01-13,8816.900390625,8817.099609375,8750.2998046875,8755.900390625,155323200
2022-01-14,8806.599609375,8810.099609375,8739.7001953125,8767.400390625,158545900
2022-01-17,8838.7001953125,8866.599609375,8829.400390625,8848.400390625,136556800
2022-01-18,8781.599609375,8820.900390625,8761.7998046875,8811.0,158132300
2022-01-19,8774.900390625,8856.900390625,8749.0,8758.599609375,226234800
2022-01-20,8814.599609375,8825.7001953125,8737.7998046875,8783.2998046875,162948900
2022-01-21,8694.7001953125,8760.7998046875,8622.099609375,8702.2998046875,227841100
2022-01-24,8417.7998046875,8673.5,8361.400390625,8660.0,275306600
2022-01-25,8479.5,8529.900390625,8408.900390625,8488.400390625,200726000
2022-01-26,8620.2001953125,8696.400390625,8525.599609375,8526.599609375,206013700
2022-01-27,8706.0,8740.599609375,8489.7998046875,8503.599609375,267817900
2022-01-28,8609.7998046875,8713.099609375,8515.0,8705.7001953125,187559100
2022-01-31,8612.7998046875,8705.099609375,8564.599609375,8697.099609375,213539000
2022-02-01,8726.7001953125,8745.099609375,8665.0,8679.900390625,208657000
2022-02-02,8713.2001953125,8785.2001953125,8713.2001953125,8782.900390625,182818500
2022-02-03,8689.400390625,8735.599609375,8660.099609375,8694.400390625,276245200
2022-02-04,8589.2998046875,8770.099609375,8551.099609375,8741.599609375,314163100
2022-02-07,8558.400390625,8649.7998046875,8509.0,8646.2998046875,255601400
2022-02-08,8674.599609375,8702.2998046875,8572.5,8576.400390625,282897600
2022-02-09,8846.400390625,8850.2001953125,8716.900390625,8736.2998046875,262478800
2022-02-10,8886.2001953125,8912.2001953125,8819.099609375,8871.5,281274100
2022-02-11,8798.099609375,8833.5,8766.5,8797.2998046875,213210700
2022-02-14,8573.7998046875,8643.2001953125,8504.5,8583.900390625,310665400
2022-02-15,8718.0,8721.099609375,8521.2001953125,8533.2998046875,207323900
2022-02-16,8737.2001953125,8798.0,8678.2001953125,8735.2998046875,171253100
2022-02-17,8671.099609375,8749.7001953125,8631.7998046875,8713.0,171634300
2022-02-18,8590.0,8708.0,8564.099609375,8678.900390625,189687500
2022-02-21,8488.900390625,8666.400390625,8439.0,8638.7998046875,164763000
2022-02-22,8493.2001953125,8551.099609375,8262.599609375,8295.2001953125,231609100
2022-02-23,8440.099609375,8607.5,8410.7001953125,8519.099609375,190892300
2022-02-24,8198.5,8254.2001953125,8048.0,8084.2001953125,526124700
2022-02-25,8486.599609375,8496.5,8188.10009765625,8242.900390625,381377500
2022-02-28,8479.2001953125,8500.400390625,8286.900390625,8302.7998046875,396635800
2022-03-01,8188.2001953125,8510.2998046875,8188.2001953125,8462.099609375,360174600
2022-03-02,8321.0,8371.0,8071.2001953125,8145.89990234375,339701800
2022-03-03,8011.39990234375,8349.599609375,7978.39990234375,8296.099609375,297390300
2022-03-04,7720.89990234375,8000.2001953125,7719.0,7988.5,395646300
2022-03-07,7644.60009765625,7769.7001953125,7287.7001953125,7510.39990234375,469180400
2022-03-08,7783.39990234375,7923.7001953125,7566.10009765625,7569.7998046875,372800500
2022-03-09,8163.10009765625,8163.10009765625,7976.2998046875,8043.39990234375,358258700
2022-03-10,8069.2998046875,8197.099609375,7997.2001953125,8166.5,320297800
2022-03-11,8142.10009765625,8375.2998046875,8068.10009765625,8115.2998046875,333210300
2022-03-14,8234.400390625,8313.400390625,8190.2998046875,8228.900390625,236741400
2022-03-15,8236.099609375,8286.7001953125,8092.7001953125,8150.2001953125,238010100
2022-03-16,8380.400390625,8475.5,8324.599609375,8375.7001953125,331698500
2022-03-17,8412.0,8445.7998046875,8317.400390625,8409.5,243534800
2022-03-18,8417.599609375,8434.099609375,8309.2001953125,8422.400390625,336645800
2022-03-21,8389.2001953125,8465.599609375,8389.2001953125,8417.2998046875,149776400
2022-03-22,8487.2001953125,8487.2001953125,8400.7001953125,8415.7001953125,176349800
2022-03-23,8328.400390625,8522.2001953125,8328.400390625,8509.599609375,184043600
2022-03-24,8305.099609375,8380.0,8274.5,8352.099609375,175543500
2022-03-25,8330.599609375,8363.2001953125,8286.5,8314.099609375,156189000
2022-03-28,8365.599609375,8485.7001953125,8354.400390625,8354.400390625,167961800
2022-03-29,8614.599609375,8621.0,8419.7001953125,8451.0,257812200
2022-03-30,8550.599609375,8597.400390625,8508.900390625,8583.2998046875,185389000
2022-03-31,8445.099609375,8588.2998046875,8445.099609375,8562.599609375,220117500
2022-04-01,8503.7001953125,8533.0,8442.7998046875,8481.7001953125,150411500
2022-04-04,8520.7998046875,8546.400390625,8432.900390625,8536.099609375,141856900
2022-04-05,8623.2998046875,8640.2998046875,8505.7001953125,8529.7998046875,180391500
2022-04-06,8482.099609375,8635.599609375,8418.0,8600.599609375,273331900
2022-04-07,8467.400390625,8635.2001953125,8451.0,8512.7001953125,223340300
2022-04-08,8606.400390625,8625.2998046875,8543.099609375,8562.2001953125,175189100
2022-04-11,8585.0,8637.2001953125,8544.0,8580.900390625,167801800
2022-04-12,8578.0,8612.400390625,8446.2998046875,8469.7998046875,194796800
2022-04-13,8617.7998046875,8617.7998046875,8532.900390625,8533.400390625,161724300
2022-04-14,8699.0,8756.7998046875,8606.0,8626.2998046875,172576200
2022-04-19,8694.0,8722.2001953125,8619.099609375,8677.0,157017000
2022-04-20,8769.5,8816.2001953125,8706.7998046875,8713.400390625,188717400
2022-04-21,8814.599609375,8877.7001953125,8774.599609375,8791.599609375,208123800
2022-04-22,8652.2998046875,8788.7001953125,8652.2998046875,8712.5,220990200
2022-04-25,8574.599609375,8656.099609375,8511.099609375,8535.599609375,189832600
2022-04-26,8439.2998046875,8703.7998046875,8435.2998046875,8687.7001953125,321479300
2022-04-27,8477.7001953125,8506.900390625,8344.900390625,8458.7998046875,243349200
2022-04-28,8512.2001953125,8554.900390625,8415.7998046875,8515.7998046875,234735800
2022-04-29,8584.2001953125,8617.2998046875,8526.0,8572.099609375,218569900
2022-05-02,8436.0,8563.2001953125,8350.0,8516.599609375,158843800
2022-05-03,8590.2001953125,8590.2001953125,8477.099609375,8501.900390625,173278100
2022-05-04,8500.5,8612.099609375,8498.400390625,8594.7998046875,158306400
2022-05-05,8434.7001953125,8651.2001953125,8427.599609375,8636.7001953125,252403200
2022-05-06,8322.0,8406.5,8283.599609375,8398.599609375,314494000
2022-05-09,8139.2001953125,8358.400390625,8139.2001953125,8280.099609375,192928700
2022-05-10,8139.2001953125,8259.0,8138.89990234375,8219.2998046875,204415900
2022-05-11,8312.599609375,8316.7998046875,8138.5,8187.10009765625,199584100
2022-05-12,8200.400390625,8257.099609375,8134.5,8183.2001953125,202060000
2022-05-13,8338.099609375,8338.099609375,8244.7001953125,8263.400390625,148599600
2022-05-16,8353.7001953125,8383.2001953125,8284.7998046875,8316.2998046875,118777700
2022-05-17,8475.7001953125,8488.900390625,8409.400390625,8422.5,156305200
2022-05-18,8476.400390625,8546.400390625,8454.7998046875,8492.7998046875,156404000
2022-05-19,8406.0,8436.599609375,8341.7001953125,8416.099609375,155481600
2022-05-20,8484.5,8546.900390625,8456.099609375,8464.900390625,172383300
2022-05-23,8625.7998046875,8625.7998046875,8514.7001953125,8600.400390625,166876400
2022-05-24,8631.2001953125,8654.0,8534.2998046875,8537.7998046875,207033000
2022-05-25,8760.2001953125,8773.900390625,8652.2001953125,8723.099609375,203488200
2022-05-26,8888.7998046875,8901.2001953125,8780.0,8787.5,203819800
2022-05-27,8933.599609375,8937.7001953125,8873.0,8904.0,194951400
2022-05-30,8930.7998046875,8992.7001953125,8905.599609375,8975.599609375,159281100
2022-05-31,8851.5,8922.7998046875,8836.900390625,8898.7998046875,314821900
2022-06-01,8747.2001953125,8909.2998046875,8736.7001953125,8881.2998046875,163198400
2022-06-02,8744.099609375,8793.2001953125,8709.0,8778.900390625,103691200
2022-06-03,8724.7998046875,8808.2001953125,8706.400390625,8800.7001953125,95868700
2022-06-06,8836.2998046875,8852.2998046875,8768.2001953125,8785.2998046875,124143400
2022-06-07,8841.599609375,8848.7998046875,8793.2998046875,8793.2998046875,139318200
2022-06-08,8842.7001953125,8881.599609375,8791.0,8876.7001953125,145183000
2022-06-09,8711.2001953125,8836.2998046875,8707.7998046875,8812.5,174009600
2022-06-10,8390.599609375,8671.2998046875,8362.7998046875,8662.0,271499400
2022-06-13,8183.2998046875,8312.900390625,8159.0,8312.900390625,266905800
2022-06-14,8066.39990234375,8280.400390625,8066.39990234375,8229.2001953125,175608800
2022-06-15,8174.7001953125,8242.2001953125,8097.7001953125,8201.2001953125,194099900
2022-06-16,8078.10009765625,8172.10009765625,8034.7001953125,8157.5,162994800
2022-06-17,8145.89990234375,8236.0,8025.60009765625,8107.60009765625,395310900
2022-06-20,8286.0,8297.0,8159.0,8180.39990234375,143710700
2022-06-21,8235.599609375,8361.400390625,8222.7998046875,8324.5,157761600
2022-06-22,8145.39990234375,8193.400390625,8066.60009765625,8158.2998046875,162162400
2022-06-23,8106.39990234375,8172.89990234375,8034.2998046875,8097.5,195483200
2022-06-24,8244.099609375,8262.2998046875,8108.5,8129.5,174310900
2022-06-27,8242.599609375,8309.900390625,8185.5,8266.099609375,132601700
2022-06-28,8317.5,8374.7998046875,8278.599609375,8292.0,127855300
2022-06-29,8188.0,8262.900390625,8159.0,8236.2998046875,139284000
2022-06-30,8098.7001953125,8117.2001953125,7994.2001953125,8094.7998046875,222962400
2022-07-01,8176.10009765625,8206.900390625,8027.2998046875,8043.0,150837600
2022-07-04,8161.7998046875,8240.400390625,8161.7998046875,8226.2001953125,117450800
2022-07-05,7959.39990234375,8209.5,7959.39990234375,8191.2001953125,193250400
2022-07-06,7948.60009765625,8061.7001953125,7939.7001953125,8040.5,249441900
2022-07-07,8122.5,8128.89990234375,7998.60009765625,8026.60009765625,200236500
2022-07-08,8100.2998046875,8137.89990234375,8034.10009765625,8099.0,147633700
2022-07-11,8065.2001953125,8099.7998046875,7980.39990234375,7994.39990234375,130231900
2022-07-12,8014.7998046875,8071.2998046875,7893.10009765625,8029.0,365803600
2022-07-13,7944.89990234375,8002.60009765625,7891.5,7991.2998046875,198608900
2022-07-14,7804.2998046875,7922.2001953125,7764.89990234375,7903.7998046875,197271700
2022-07-15,7945.89990234375,7969.2998046875,7806.2001953125,7821.2998046875,197816100
2022-07-18,7963.10009765625,8030.10009765625,7926.7998046875,8004.7001953125,156061800
2022-07-19,8125.10009765625,8161.2001953125,7912.7001953125,7920.39990234375,201692300
2022-07-20,8028.89990234375,8173.2998046875,7989.60009765625,8156.7998046875,176080300
2022-07-21,8012.7001953125,8105.7001953125,7970.2998046875,7981.60009765625,218616100
2022-07-22,8051.60009765625,8085.2998046875,7999.2998046875,8009.39990234375,181045500
2022-07-25,8085.60009765625,8103.39990234375,8015.7001953125,8021.89990234375,124363100
2022-07-26,8069.60009765625,8097.0,8033.5,8063.10009765625,129251000
2022-07-27,8124.39990234375,8149.7001953125,8054.2001953125,8106.5,147895400
2022-07-28,8084.89990234375,8196.400390625,7995.39990234375,8193.7001953125,250669600
2022-07-29,8156.2001953125,8207.7998046875,8134.10009765625,8140.2998046875,249071400
2022-08-01,8085.10009765625,8230.7001953125,8071.7998046875,8161.89990234375,162088800
2022-08-02,8096.89990234375,8122.5,8049.7998046875,8060.60009765625,154636100
2022-08-03,8142.10009765625,8161.2998046875,8066.2998046875,8092.60009765625,146693600
2022-08-04,8161.10009765625,8214.400390625,8133.89990234375,8148.0,135699300
2022-08-05,8168.0,8198.0,8120.5,8151.2001953125,144261300
2022-08-08,8272.5,8294.400390625,8193.2998046875,8220.900390625,118565500
2022-08-09,8311.900390625,8339.599609375,8245.599609375,8260.0,115016800
2022-08-10,8352.7998046875,8367.2001953125,8295.900390625,8299.599609375,131019400
2022-08-11,8380.0,8420.400390625,8368.900390625,8386.0,104906600
2022-08-12,8400.400390625,8453.0,8371.400390625,8383.5,118970900
2022-08-15,8427.0,8429.2998046875,8384.400390625,8423.900390625,82277100
2022-08-16,8511.900390625,8527.2998046875,8440.400390625,8448.7001953125,118720500
2022-08-17,8434.7998046875,8540.0,8426.5,8520.2001953125,113535300
2022-08-18,8430.2998046875,8470.099609375,8392.599609375,8440.7001953125,88536300
2022-08-19,8338.099609375,8408.7001953125,8320.900390625,8395.0,145359800
2022-08-22,8284.7998046875,8300.900390625,8213.599609375,8291.599609375,125075200
2022-08-23,8226.2998046875,8272.599609375,8205.5,8254.900390625,102243900
2022-08-24,8199.400390625,8224.7001953125,8161.7998046875,8196.900390625,82594700
2022-08-25,8187.5,8263.0,8166.2998046875,8230.0,88849300
2022-08-26,8063.89990234375,8239.599609375,8044.10009765625,8229.7001953125,120272900
2022-08-29,7989.60009765625,8005.0,7933.39990234375,7970.89990234375,103313100
2022-08-30,7979.7998046875,8105.2001953125,7968.60009765625,8004.5,158859600
2022-08-31,7886.10009765625,7996.39990234375,7866.60009765625,7994.7998046875,228022400
2022-09-01,7806.0,7849.39990234375,7797.0,7838.7998046875,132467000
2022-09-02,7932.2001953125,7943.39990234375,7796.7001953125,7843.7998046875,121212900
2022-09-05,7862.7001953125,7867.7998046875,7765.5,7801.2998046875,119377800
2022-09-06,7842.2001953125,7935.89990234375,7813.60009765625,7868.0,125296900
2022-09-07,7855.89990234375,7880.2001953125,7784.39990234375,7791.10009765625,147011500
2022-09-08,7916.7998046875,7933.2998046875,7772.7001953125,7902.2998046875,206754300
2022-09-09,8033.10009765625,8063.7998046875,7918.60009765625,7920.5,189938300
2022-09-12,8194.2998046875,8212.599609375,8077.39990234375,8087.7998046875,173424800
2022-09-13,8064.0,8235.7998046875,8054.7001953125,8229.0,192028100
2022-09-14,8055.60009765625,8124.5,8024.0,8070.2998046875,160072500
2022-09-15,8085.5,8125.39990234375,8024.2001953125,8051.89990234375,229942400
2022-09-16,7984.7001953125,8039.2001953125,7962.2001953125,7994.39990234375,329447100
2022-09-19,7993.2001953125,8023.39990234375,7911.0,7957.7998046875,110506300
2022-09-20,7873.10009765625,8064.10009765625,7873.10009765625,8020.7998046875,157288100
2022-09-21,7872.2001953125,7896.7001953125,7790.5,7803.39990234375,157194700
2022-09-22,7774.7001953125,7897.10009765625,7753.60009765625,7776.2998046875,182956600
2022-09-23,7583.5,7770.7998046875,7527.5,7770.7998046875,215665900
2022-09-26,7508.5,7589.2001953125,7473.5,7534.2001953125,190143900
2022-09-27,7445.7001953125,7587.60009765625,7436.10009765625,7564.2998046875,199705600
2022-09-28,7442.2001953125,7448.39990234375,7273.0,7380.7001953125,217516300
2022-09-29,7300.10009765625,7416.89990234375,7242.2001953125,7407.39990234375,185712500
2022-09-30,7366.7998046875,7395.10009765625,7318.5,7345.60009765625,186033300
2022-10-03,7462.0,7472.89990234375,7288.5,7327.5,155766200
2022-10-04,7696.60009765625,7699.89990234375,7529.2001953125,7548.5,199972900
2022-10-05,7579.89990234375,7678.39990234375,7537.89990234375,7655.60009765625,130259400
2022-10-06,7511.10009765625,7638.7998046875,7482.10009765625,7597.2998046875,118066500
2022-10-07,7436.89990234375,7517.5,7412.5,7463.89990234375,132997300
2022-10-10,7413.5,7441.39990234375,7372.89990234375,7389.5,114404200
2022-10-11,7355.89990234375,7410.2998046875,7315.5,7369.2998046875,130873100
2022-10-12,7261.10009765625,7359.7001953125,7239.0,7356.2998046875,135442500
2022-10-13,7348.7998046875,7385.2998046875,7189.60009765625,7234.10009765625,195470900
2022-10-14,7382.5,7503.39990234375,7371.60009765625,7467.89990234375,187967900
2022-10-17,7557.10009765625,7589.10009765625,7413.39990234375,7416.10009765625,166450500
2022-10-18,7611.2998046875,7692.2998046875,7594.60009765625,7613.0,149752400
2022-10-19,7583.60009765625,7642.60009765625,7530.5,7630.39990234375,131870500
2022-10-20,7644.39990234375,7660.7001953125,7552.10009765625,7584.7001953125,178416300
2022-10-21,7545.60009765625,7592.60009765625,7449.60009765625,7586.39990234375,245063000
2022-10-24,7680.5,7739.60009765625,7570.0,7612.2001953125,169749600
2022-10-25,7794.89990234375,7803.60009765625,7675.2001953125,7716.5,149338200
2022-10-26,7870.60009765625,7877.89990234375,7756.60009765625,7826.39990234375,186582400
2022-10-27,7921.10009765625,7944.2998046875,7798.89990234375,7846.89990234375,202336800
2022-10-28,7916.5,7916.5,7832.60009765625,7859.60009765625,185925600
2022-10-31,7956.5,7958.10009765625,7871.7001953125,7913.60009765625,164827400
2022-11-01,7999.0,8073.89990234375,7971.7998046875,8011.7998046875,146532300
2022-11-02,7968.60009765625,8018.2001953125,7960.60009765625,8017.7998046875,144925900
2022-11-03,7868.89990234375,7897.5,7798.39990234375,7897.5,140561300
2022-11-04,7942.7001953125,8006.0,7830.60009765625,7908.5,197127100
2022-11-07,7962.2998046875,7990.0,7893.2001953125,7910.5,138355500
2022-11-08,7998.89990234375,8005.7998046875,7922.0,7942.2998046875,120200600
2022-11-09,8040.39990234375,8061.60009765625,7968.10009765625,7983.39990234375,161112100
2022-11-10,8133.2001953125,8176.0,7975.10009765625,8004.0,256116900
2022-11-11,8133.2001953125,8178.7001953125,8073.7998046875,8178.7001953125,217995500
2022-11-14,8166.5,8210.7998046875,8110.39990234375,8123.2001953125,142671600
2022-11-15,8188.39990234375,8192.099609375,8117.2998046875,8161.0,182285400
2022-11-16,8101.39990234375,8188.7001953125,8075.0,8175.10009765625,163754600
2022-11-17,8040.7001953125,8123.2001953125,7986.10009765625,8105.10009765625,139502400
2022-11-18,8127.7998046875,8127.7998046875,8048.5,8107.0,178686400
2022-11-21,8188.39990234375,8198.5,8100.5,8100.5,155115500
2022-11-22,8325.0,8345.599609375,8200.2998046875,8203.5,215622700
2022-11-23,8331.2001953125,8344.0,8288.400390625,8337.7998046875,154543800
2022-11-24,8388.099609375,8412.5,8339.2001953125,8341.2998046875,137787400
2022-11-25,8416.599609375,8425.5,8378.2001953125,8391.2001953125,135912400
2022-11-28,8323.2001953125,8396.400390625,8316.7001953125,8375.599609375,125888100
2022-11-29,8322.099609375,8354.5,8282.7998046875,8347.2998046875,145888800
2022-11-30,8363.2001953125,8364.599609375,8304.400390625,8350.599609375,325057800
2022-12-01,8407.900390625,8469.0,8381.7998046875,8423.099609375,209724800
2022-12-02,8382.599609375,8414.099609375,8342.2998046875,8390.0,146276600
2022-12-05,8370.099609375,8395.7001953125,8358.7998046875,8373.2998046875,103858400
2022-12-06,8331.900390625,8355.900390625,8296.400390625,8333.2001953125,123949400
2022-12-07,8290.5,8344.0,8279.7998046875,8306.7998046875,129308700
2022-12-08,8225.2001953125,8308.599609375,8225.2001953125,8307.900390625,118774300
2022-12-09,8289.2001953125,8293.7001953125,8194.900390625,8256.599609375,131660300
2022-12-12,8258.900390625,8270.2001953125,8222.5,8260.599609375,116655000
2022-12-13,8327.7001953125,8415.7001953125,8213.2001953125,8263.900390625,206579600
2022-12-14,8360.599609375,8360.599609375,8297.900390625,8323.099609375,160329800
2022-12-15,8218.7998046875,8332.400390625,8195.900390625,8315.2001953125,216854000
2022-12-16,8112.5,8192.099609375,8079.7998046875,8189.2001953125,387741300
2022-12-19,8136.7998046875,8180.2998046875,8109.39990234375,8122.2998046875,129226200
2022-12-20,8185.2001953125,8216.900390625,8059.5,8086.7001953125,181953600
2022-12-21,8302.2998046875,8312.2001953125,8201.7001953125,8220.2001953125,146342300
2022-12-22,8272.099609375,8338.599609375,8257.599609375,8308.400390625,122263100
2022-12-23,8269.099609375,8313.7001953125,8236.099609375,8281.599609375,103234700
2022-12-27,8270.099609375,8332.5,8266.7998046875,8307.900390625,91612000
2022-12-28,8258.5,8319.400390625,8252.2998046875,8275.7001953125,97669900
2022-12-29,8318.2998046875,8321.900390625,8208.7001953125,8238.099609375,117198300
2022-12-30,8229.099609375,8290.400390625,8221.7001953125,8288.900390625,121407700
2023-01-02,8369.7001953125,8384.900390625,8283.7001953125,8297.900390625,92193500
2023-01-03,8397.400390625,8454.2998046875,8327.400390625,8367.5,164671600
2023-01-04,8559.7998046875,8560.5,8442.099609375,8442.099609375,206752400
2023-01-05,8607.599609375,8618.900390625,8527.7001953125,8530.099609375,182438200
2023-01-06,8701.099609375,8701.099609375,8589.2001953125,8608.5,162161400
2023-01-09,8694.900390625,8721.599609375,8661.400390625,8691.0,215668200
2023-01-10,8712.7001953125,8724.5,8666.7001953125,8668.400390625,147719000
2023-01-11,8726.2998046875,8762.900390625,8700.7001953125,8722.7998046875,166063200
2023-01-12,8828.099609375,8849.7001953125,8735.2001953125,8737.7998046875,203505800
2023-01-13,8881.7001953125,8918.400390625,8828.7001953125,8838.0,197132600
2023-01-16,8871.099609375,8918.2001953125,8847.099609375,8896.7998046875,125051900
2023-01-17,8890.400390625,8916.7998046875,8833.400390625,8862.400390625,145661400
2023-01-18,8933.2998046875,8988.900390625,8909.5,8909.5,202920700
2023-01-19,8793.099609375,8894.400390625,8726.7001953125,8892.900390625,236199000
2023-01-20,8918.2001953125,8918.2001953125,8828.900390625,8828.900390625,188973800
2023-01-23,8944.099609375,8976.5,8909.900390625,8927.099609375,134688300
2023-01-24,8967.099609375,8978.099609375,8906.0,8955.7998046875,123864400
2023-01-25,8957.5,8968.2998046875,8905.0,8961.400390625,166333600
2023-01-26,9035.599609375,9054.5,8995.2998046875,9002.599609375,304449100
2023-01-27,9060.2001953125,9082.7998046875,9022.2998046875,9045.900390625,201024600
2023-01-30,9049.2998046875,9066.099609375,9011.400390625,9050.2001953125,152780500
2023-01-31,9034.0,9069.900390625,8994.0,9053.7001953125,239317900
2023-02-01,9098.099609375,9126.599609375,9046.2001953125,9048.0,236081200
2023-02-02,9229.7001953125,9281.400390625,9133.099609375,9144.099609375,364813600
2023-02-03,9225.599609375,9248.5,9155.599609375,9214.2001953125,297607800
2023-02-06,9159.2001953125,9198.599609375,9124.7998046875,9174.7998046875,148027100
2023-02-07,9172.400390625,9204.2998046875,9149.7998046875,9165.7998046875,145446500
2023-02-08,9227.2998046875,9277.7001953125,9200.0,9223.599609375,181821800
2023-02-09,9243.5,9296.2998046875,9243.5,9268.599609375,142052300
2023-02-10,9117.400390625,9214.5,9069.599609375,9208.400390625,179657200
2023-02-13,9210.2998046875,9217.2001953125,9120.7001953125,9134.7998046875,108839700
2023-02-14,9263.2001953125,9311.599609375,9231.5,9238.0,153032700
2023-02-15,9294.7998046875,9313.5,9258.7001953125,9273.5,124531200
2023-02-16,9327.2998046875,9362.7998046875,9291.400390625,9338.900390625,170117900
2023-02-17,9333.0,9363.099609375,9240.7998046875,9276.2998046875,168390800
2023-02-20,9281.2998046875,9369.099609375,9273.900390625,9352.400390625,101224000
2023-02-21,9252.099609375,9286.099609375,9195.900390625,9257.400390625,116050500
2023-02-22,9172.7001953125,9222.599609375,9118.5,9220.2998046875,154725800
2023-02-23,9231.599609375,9253.900390625,9179.5,9183.599609375,144006300
2023-02-24,9201.5,9314.5,9194.400390625,9255.5,254028900
2023-02-27,9314.2998046875,9351.7001953125,9250.5,9252.5,150061600
2023-02-28,9394.599609375,9442.7998046875,9279.599609375,9303.400390625,306110200
2023-03-01,9322.900390625,9453.7998046875,9307.400390625,9419.2998046875,187235400
2023-03-02,9327.2998046875,9336.2001953125,9246.099609375,9292.7998046875,157352100
2023-03-03,9464.2001953125,9472.2001953125,9357.0,9357.0,161254800
2023-03-06,9511.0,9524.599609375,9441.7998046875,9497.900390625,145464800
2023-03-07,9411.099609375,9528.2998046875,9408.5,9502.099609375,159198700
2023-03-08,9466.099609375,9480.900390625,9369.400390625,9386.400390625,123507900
2023-03-09,9423.2001953125,9457.400390625,9388.900390625,9455.2998046875,116716400
2023-03-10,9285.0,9296.5,9182.7001953125,9246.7998046875,279917900
2023-03-13,8958.900390625,9273.599609375,8894.5,9273.599609375,426525400
2023-03-14,9159.0,9181.0,8914.599609375,8936.0,300029600
2023-03-15,8759.099609375,9169.7001953125,8736.5,9165.2998046875,422530000
2023-03-16,8890.2001953125,8984.599609375,8731.0,8925.7998046875,324579000
2023-03-17,8719.2998046875,9027.400390625,8655.2998046875,8935.5,477657900
2023-03-20,8833.099609375,8875.2998046875,8501.2001953125,8672.2998046875,359818300
2023-03-21,9049.400390625,9085.400390625,8918.7998046875,8930.099609375,248775500
2023-03-22,9009.2998046875,9100.2001953125,9001.7001953125,9037.2998046875,197220400
2023-03-23,8970.0,9027.7001953125,8921.599609375,8969.400390625,155229200
2023-03-24,8792.5,8933.0,8703.2998046875,8933.0,289524100
2023-03-27,8906.099609375,8935.7001953125,8839.7998046875,8897.7998046875,187284700
2023-03-28,8944.2998046875,9019.099609375,8911.0,8984.2001953125,153710700
2023-03-29,9070.7001953125,9075.2998046875,8962.400390625,8991.400390625,131051100
2023-03-30,9207.099609375,9226.400390625,9131.2001953125,9138.2998046875,149632100
2023-03-31,9232.5,9254.5,9183.7998046875,9234.5,178940500
2023-04-03,9157.400390625,9233.5,9135.5,9217.7998046875,129264000
2023-04-04,9183.2001953125,9257.5,9168.5,9174.7998046875,120081300
2023-04-05,9254.599609375,9254.599609375,9196.5,9202.099609375,140130100
2023-04-06,9312.2998046875,9323.5,9232.599609375,9252.7998046875,128321400
2023-04-11,9237.7001953125,9378.400390625,9227.099609375,9355.099609375,154539500
2023-04-12,9278.7001953125,9324.599609375,9253.599609375,9255.599609375,130923300
2023-04-13,9310.0,9320.2001953125,9238.7001953125,9284.400390625,109714700
2023-04-14,9362.900390625,9375.400390625,9313.2001953125,9335.900390625,152448900
2023-04-17,9378.5,9413.400390625,9361.0,9387.599609375,154770500
2023-04-18,9421.900390625,9445.400390625,9381.5,9408.0,143015100
2023-04-19,9494.7998046875,9498.7001953125,9405.400390625,9418.599609375,117659000
2023-04-20,9450.900390625,9540.5,9425.0,9508.599609375,153368400
2023-04-21,9415.599609375,9436.599609375,9366.2998046875,9433.900390625,205592800
2023-04-24,9406.400390625,9433.900390625,9362.900390625,9383.599609375,99647400
2023-04-25,9290.2998046875,9352.099609375,9267.599609375,9352.099609375,167260800
2023-04-26,9293.7001953125,9297.7001953125,9193.5,9264.900390625,165805000
2023-04-27,9314.599609375,9334.2001953125,9226.400390625,9254.099609375,128409300
2023-04-28,9241.0,9338.900390625,9159.7998046875,9336.099609375,233876400
2023-05-02,9082.0,9264.900390625,9069.099609375,9257.5,172428700
2023-05-03,9076.7001953125,9132.2001953125,9035.099609375,9117.7998046875,136589900
2023-05-04,9043.599609375,9056.599609375,8967.2998046875,9053.7001953125,150274800
2023-05-05,9147.2998046875,9147.2998046875,9047.7001953125,9097.2998046875,144355000
2023-05-08,9211.2998046875,9221.7998046875,9157.900390625,9162.2998046875,81672300
2023-05-09,9183.2001953125,9219.5,9130.2001953125,9202.099609375,113458000
2023-05-10,9167.7001953125,9223.2998046875,9143.7998046875,9219.7998046875,103618500
2023-05-11,9182.7998046875,9215.099609375,9118.0,9166.099609375,139070300
2023-05-12,9234.099609375,9276.900390625,9213.900390625,9218.599609375,106389900
2023-05-15,9201.5,9279.5,9162.2998046875,9269.099609375,92014700
2023-05-16,9191.400390625,9241.900390625,9174.900390625,9181.2001953125,91133400
2023-05-17,9211.599609375,9218.599609375,9125.7001953125,9148.2001953125,110933000
2023-05-18,9213.099609375,9282.2001953125,9202.0,9247.2998046875,105199800
2023-05-19,9251.5,9309.400390625,9222.900390625,9247.2001953125,127277500
2023-05-22,9305.0,9326.599609375,9241.900390625,9242.7998046875,96207700
2023-05-23,9267.0,9305.0,9260.099609375,9304.5,82288900
2023-05-24,9163.5,9193.2001953125,9128.7998046875,9191.2998046875,108838000
2023-05-25,9116.099609375,9188.099609375,9116.099609375,9169.5,123786500
2023-05-26,9191.099609375,9210.900390625,9048.2001953125,9137.7998046875,99198600
2023-05-29,9180.099609375,9271.099609375,9146.599609375,9263.099609375,59244300
2023-05-30,9167.5,9248.2998046875,9156.0,9189.0,111494900
2023-05-31,9050.2001953125,9183.400390625,9034.900390625,9096.5,401513500
2023-06-01,9167.5,9181.599609375,9105.900390625,9130.2998046875,109883600
2023-06-02,9317.2998046875,9324.7998046875,9204.2001953125,9216.2001953125,132595800
2023-06-05,9289.099609375,9382.400390625,9276.099609375,9352.0,102104900
2023-06-06,9310.7998046875,9310.7998046875,9242.2998046875,9266.0,94770400
2023-06-07,9359.7998046875,9401.7998046875,9294.900390625,9296.2998046875,100905200
2023-06-08,9338.2998046875,9427.599609375,9331.7001953125,9358.7001953125,109449100
2023-06-09,9309.7001953125,9370.400390625,9288.599609375,9345.7001953125,84882800
2023-06-12,9344.400390625,9382.099609375,9328.5,9345.900390625,95656000
2023-06-13,9333.7001953125,9357.7001953125,9261.099609375,9357.7001953125,121829000
2023-06-14,9432.7998046875,9468.099609375,9315.900390625,9333.7001953125,155571800
2023-06-15,9430.7998046875,9453.7001953125,9389.2998046875,9404.099609375,123381800
2023-06-16,9495.0,9580.7998046875,9428.5,9465.0,384178600
2023-06-19,9431.900390625,9503.2001953125,9412.099609375,9457.7998046875,87888300
2023-06-20,9439.7998046875,9469.099609375,9401.0,9418.2998046875,87716600
2023-06-21,9436.400390625,9463.5,9415.2998046875,9431.2001953125,101629200
2023-06-22,9364.7001953125,9365.900390625,9284.2001953125,9365.5,108508000
2023-06-23,9265.7998046875,9334.099609375,9239.7001953125,9305.599609375,124528300
2023-06-26,9274.0,9306.900390625,9198.7001953125,9283.099609375,110992200
2023-06-27,9393.0,9399.5,9287.2998046875,9309.2001953125,120553900
2023-06-28,9481.2998046875,9489.7001953125,9414.0,9421.0,126194000
2023-06-29,9510.599609375,9524.099609375,9479.0,9486.2001953125,103479900
2023-06-30,9593.0,9642.2998046875,9534.599609375,9541.400390625,172932500
2023-07-03,9644.7998046875,9658.599609375,9598.599609375,9604.2998046875,119153100
2023-07-04,9588.400390625,9649.7998046875,9580.900390625,9635.0,97859400
2023-07-05,9486.2998046875,9567.900390625,9470.7001953125,9541.7001953125,116017000
2023-07-06,9285.0,9435.900390625,9261.2001953125,9384.599609375,142178200
2023-07-07,9248.7998046875,9258.599609375,9169.7998046875,9246.900390625,114921000
2023-07-10,9252.900390625,9282.5,9183.0,9210.5,91453400
2023-07-11,9331.099609375,9333.7001953125,9226.7001953125,9295.7998046875,100280000
2023-07-12,9453.7001953125,9464.7998046875,9344.599609375,9356.5,155443100
2023-07-13,9478.7001953125,9523.599609375,9444.7998046875,9459.099609375,118162000
2023-07-14,9438.2998046875,9507.2001953125,9437.7998046875,9468.900390625,105127200
2023-07-17,9438.0,9483.2998046875,9402.599609375,9414.900390625,77438400
2023-07-18,9455.7001953125,9471.7998046875,9388.900390625,9446.5,88491000
2023-07-19,9451.7998046875,9532.400390625,9433.099609375,9482.7998046875,92225100
2023-07-20,9519.599609375,9539.5,9444.0,9445.099609375,108475200
2023-07-21,9571.5,9571.5,9481.2001953125,9521.0,114901000
2023-07-24,9543.5,9543.5,9401.0,9417.0,121342800
2023-07-25,9519.2001953125,9542.7998046875,9497.7998046875,9534.0,86427600
2023-07-26,9600.5,9604.099609375,9489.599609375,9515.900390625,164640400
2023-07-27,9694.7001953125,9715.099609375,9611.7998046875,9646.2998046875,203878100
2023-07-28,9685.099609375,9741.900390625,9674.099609375,9682.2001953125,222144300
2023-07-31,9641.5,9688.2998046875,9641.5,9675.900390625,160130500
2023-08-01,9502.900390625,9657.2001953125,9491.7001953125,9639.900390625,136369400
2023-08-02,9328.7001953125,9424.400390625,9311.0,9409.5,223086300
2023-08-03,9307.099609375,9341.900390625,9244.2998046875,9291.0,139652300
2023-08-04,9368.400390625,9377.599609375,9278.900390625,9333.900390625,111010600
2023-08-07,9358.599609375,9369.400390625,9273.5,9346.099609375,80687700
2023-08-08,9301.7998046875,9361.2998046875,9213.599609375,9292.099609375,136457400
2023-08-09,9354.400390625,9420.7998046875,9334.2998046875,9403.5,88364200
2023-08-10,9502.2001953125,9522.900390625,9396.7001953125,9404.7998046875,109204400
2023-08-11,9434.2998046875,9493.900390625,9415.400390625,9476.7001953125,80015200
2023-08-14,9429.599609375,9471.7001953125,9399.599609375,9423.7001953125,71422800
2023-08-15,9347.5,9435.099609375,9305.900390625,9427.5,63980500
2023-08-16,9350.5,9404.0,9313.2001953125,9318.099609375,60764100
2023-08-17,9278.0,9356.400390625,9270.2998046875,9312.7998046875,83008600
2023-08-18,9267.7001953125,9273.7998046875,9192.7001953125,9250.0,93675700
2023-08-21,9262.7998046875,9367.599609375,9239.400390625,9268.599609375,72507400
2023-08-22,9314.0,9370.7001953125,9302.900390625,9310.7001953125,66059900
2023-08-23,9315.599609375,9395.400390625,9292.099609375,9333.7998046875,74919900
2023-08-24,9324.7001953125,9415.5,9321.5,9385.900390625,67799700
2023-08-25,9338.900390625,9414.2001953125,9304.400390625,9308.7001953125,75145000
2023-08-28,9490.099609375,9524.900390625,9397.7001953125,9398.2001953125,73880200
2023-08-29,9581.2001953125,9592.7001953125,9491.099609375,9513.7998046875,106623300
2023-08-30,9551.099609375,9614.7001953125,9531.900390625,9595.099609375,99874200
2023-08-31,9505.900390625,9606.2001953125,9505.900390625,9556.900390625,212295400
2023-09-01,9449.599609375,9552.900390625,9449.599609375,9512.7998046875,108269100
2023-09-04,9416.2998046875,9515.0,9396.2001953125,9486.7001953125,69158100
2023-09-05,9392.0,9449.599609375,9353.2001953125,9396.2001953125,87067800
2023-09-06,9314.400390625,9382.0,9289.2998046875,9382.0,139455100
2023-09-07,9310.0,9379.900390625,9277.7998046875,9288.099609375,112157000
2023-09-08,9364.599609375,9372.2998046875,9238.5,9357.2001953125,92062600
2023-09-11,9435.2001953125,9457.900390625,9367.2998046875,9403.5,85725100
2023-09-12,9455.400390625,9501.7001953125,9448.0,9454.5,107657600
2023-09-13,9424.099609375,9448.2998046875,9330.599609375,9435.099609375,105247500
2023-09-14,9549.0,9563.099609375,9380.0,9422.2998046875,133995400
2023-09-15,9549.7001953125,9642.0,9524.7001953125,9605.2998046875,348282000
2023-09-18,9482.099609375,9553.900390625,9455.2998046875,9530.7998046875,109941400
2023-09-19,9527.2001953125,9550.099609375,9458.5,9459.7001953125,88182400
2023-09-20,9645.7998046875,9672.2001953125,9539.099609375,9550.0,125806100
2023-09-21,9548.900390625,9606.7998046875,9475.2001953125,9582.099609375,120718600
2023-09-22,9502.0,9542.599609375,9477.0,9499.0,100119800
2023-09-25,9386.0,9523.900390625,9337.7001953125,9468.5,107471700
2023-09-26,9366.900390625,9405.400390625,9307.099609375,9327.5,121930200
2023-09-27,9331.900390625,9420.900390625,9311.7998046875,9366.0,106336400
2023-09-28,9426.7998046875,9442.2998046875,9311.5,9344.099609375,171533200
2023-09-29,9428.0,9508.2998046875,9423.0,9458.5,139259800
2023-10-02,9319.0,9495.099609375,9299.400390625,9447.7001953125,157515300
2023-10-03,9165.5,9369.599609375,9164.0,9284.599609375,142881400
2023-10-04,9102.900390625,9186.400390625,9077.599609375,9137.900390625,139573600
2023-10-05,9157.7001953125,9193.2998046875,9096.0,9160.2001953125,114922100
2023-10-06,9235.7998046875,9235.7998046875,9110.400390625,9179.900390625,122390000
2023-10-09,9151.2998046875,9223.0,9111.7998046875,9182.900390625,135294000
2023-10-10,9352.099609375,9371.900390625,9217.900390625,9217.900390625,129139100
2023-10-11,9360.400390625,9381.7001953125,9297.5,9306.7998046875,108807000
2023-10-12,9336.0,9434.5,9322.0,9403.7998046875,94383400
2023-10-13,9232.900390625,9363.400390625,9223.7998046875,9317.2001953125,143092900
2023-10-16,9287.099609375,9306.0,9174.2001953125,9244.7998046875,105248200
2023-10-17,9298.5,9323.400390625,9219.5,9268.400390625,79826100
2023-10-18,9212.7001953125,9305.7001953125,9202.5,9278.2001953125,108127200
2023-10-19,9146.7998046875,9189.7001953125,9101.099609375,9176.7998046875,143366500
2023-10-20,9029.099609375,9098.2998046875,9021.7998046875,9067.099609375,230887100
2023-10-23,8995.5,9037.0,8920.7001953125,9028.7001953125,139157300
2023-10-24,8975.7998046875,9029.0,8950.7998046875,9004.2001953125,162189000
2023-10-25,8984.7998046875,9000.7998046875,8898.0,8961.7998046875,149177700
2023-10-26,8962.7998046875,8978.5,8879.2998046875,8926.900390625,164229500
2023-10-27,8918.2998046875,9037.2998046875,8904.099609375,9015.7001953125,178436300
2023-10-30,9013.900390625,9048.400390625,8945.900390625,8955.2001953125,164425900
2023-10-31,9017.2998046875,9084.900390625,8959.599609375,8978.599609375,189064200
2023-11-01,9075.0,9093.2998046875,8999.7998046875,9039.7998046875,121703800
2023-11-02,9260.400390625,9278.099609375,9101.900390625,9122.400390625,152576500
2023-11-03,9293.900390625,9339.7998046875,9249.599609375,9294.900390625,152566200
2023-11-06,9241.5,9313.599609375,9224.7001953125,9296.400390625,114365200
2023-11-07,9235.900390625,9279.7998046875,9201.2998046875,9208.5,113897000
2023-11-08,9283.7998046875,9326.5,9200.2998046875,9203.400390625,146534900
2023-11-09,9405.2001953125,9420.2001953125,9291.2001953125,9295.7001953125,133336100
2023-11-10,9371.7001953125,9415.2001953125,9329.2998046875,9367.400390625,122578700
2023-11-13,9461.7001953125,9463.2998046875,9401.0,9409.599609375,142296700
2023-11-14,9623.2998046875,9636.599609375,9471.7998046875,9488.0,171920600
2023-11-15,9640.7001953125,9684.900390625,9604.0,9636.099609375,161156100
2023-11-16,9667.400390625,9710.400390625,9652.5,9652.5,132367600
2023-11-17,9761.400390625,9774.7001953125,9693.599609375,9697.2001953125,249654700
2023-11-20,9839.0,9857.0,9759.7001953125,9761.2001953125,144062800
2023-11-21,9827.5,9858.400390625,9801.7001953125,9832.5,141826400
2023-11-22,9887.400390625,9897.2001953125,9847.099609375,9852.5,125070100
2023-11-23,9905.5,9921.099609375,9873.900390625,9891.0,111600100
2023-11-24,9939.0,9957.2998046875,9901.900390625,9906.400390625,93309200
2023-11-27,9936.099609375,9983.900390625,9925.7998046875,9927.2998046875,112098900
2023-11-28,10003.400390625,10014.2998046875,9919.5,9925.2001953125,118647800
2023-11-29,10062.599609375,10097.900390625,10018.400390625,10018.400390625,129372500
2023-11-30,10058.2001953125,10103.7998046875,10053.7998046875,10079.2998046875,252839300
2023-12-01,10140.7998046875,10140.7998046875,10080.900390625,10085.900390625,117751200
2023-12-04,10178.2998046875,10201.7001953125,10135.7998046875,10135.7998046875,105497200
2023-12-05,10238.400390625,10262.900390625,10166.099609375,10174.7998046875,137169800
2023-12-06,10258.099609375,10301.2998046875,10229.7001953125,10263.400390625,134294600
2023-12-07,10146.0,10246.7001953125,10113.900390625,10226.0,210704200
2023-12-08,10223.400390625,10229.2001953125,10139.400390625,10153.5,139106200
2023-12-11,10198.0,10226.599609375,10178.2001953125,10216.5,140388800
2023-12-12,10118.7001953125,10198.400390625,10111.400390625,10184.7998046875,145123700
2023-12-13,10096.099609375,10158.7001953125,10077.0,10112.599609375,142958200
2023-12-14,10171.7001953125,10257.7998046875,10124.099609375,10225.900390625,255848900
2023-12-15,10095.599609375,10200.7998046875,10050.7001953125,10192.2998046875,330245400
2023-12-18,10054.900390625,10125.7998046875,10039.2998046875,10063.5,134020100
2023-12-19,10106.7001953125,10123.099609375,10023.7998046875,10055.2001953125,115239700
2023-12-20,10101.0,10158.2001953125,10037.5,10148.099609375,146798700
2023-12-21,10104.2998046875,10108.5,10063.2998046875,10065.400390625,84138300
2023-12-22,10111.900390625,10143.099609375,10081.0,10094.099609375,91972000
2023-12-27,10121.7998046875,10146.7998046875,10077.900390625,10091.7998046875,130947500
2023-12-28,10086.2001953125,10136.2998046875,10074.599609375,10126.2998046875,95148800
2023-12-29,10102.099609375,10143.599609375,10090.900390625,10090.900390625,101943700
2024-01-02,10182.099609375,10287.900390625,10122.400390625,10161.099609375,137052900
2024-01-03,10053.400390625,10209.7998046875,10038.099609375,10183.7998046875,136612300
2024-01-04,10182.400390625,10190.7998046875,10067.5,10067.5,110894200
2024-01-05,10164.5,10192.0,10061.2001953125,10130.2998046875,145036200
2024-01-08,10209.0,10209.0,10079.2998046875,10140.5,110110400
2024-01-09,10060.2998046875,10181.900390625,9994.0,10159.0,157192400
2024-01-10,10067.099609375,10079.7998046875,10017.7998046875,10053.900390625,136822100
2024-01-11,10004.900390625,10151.7998046875,10004.900390625,10112.7001953125,134217300
2024-01-12,10094.7998046875,10134.7001953125,10023.7998046875,10024.7998046875,134251900
2024-01-15,10076.900390625,10135.2998046875,10048.599609375,10118.900390625,87931100
2024-01-16,9994.099609375,10024.2998046875,9955.0,10022.7001953125,138279400
2024-01-17,9867.7998046875,9916.7998046875,9826.599609375,9916.7998046875,133882600
2024-01-18,9880.2998046875,9901.5,9798.7998046875,9876.7998046875,134134100
2024-01-19,9858.2998046875,9931.0,9823.7001953125,9915.7998046875,146590900
2024-01-22,9968.099609375,9980.7998046875,9903.2001953125,9915.2001953125,105116800
2024-01-23,9859.2001953125,10000.599609375,9845.099609375,9980.5,119165400
2024-01-24,9974.0,9974.0,9892.7998046875,9897.900390625,126373600
2024-01-25,9916.599609375,9941.7001953125,9863.7998046875,9941.7001953125,162814100
2024-01-26,9936.599609375,9973.0,9910.099609375,9923.5,107711200
2024-01-29,9890.2998046875,9944.0,9864.2001953125,9938.2998046875,112770300
2024-01-30,10039.2998046875,10050.7001953125,9888.400390625,9902.900390625,139738300
2024-01-31,10077.7001953125,10128.0,10042.7998046875,10066.2001953125,171867800
2024-02-01,10014.0,10149.599609375,9986.400390625,10034.0,208762700
2024-02-02,10062.5,10132.7998046875,10033.7001953125,10087.599609375,161360600
2024-02-05,9941.2998046875,10083.099609375,9928.599609375,10047.400390625,187035600
2024-02-06,10003.0,10013.599609375,9941.599609375,9988.2001953125,148017600
2024-02-07,9920.2001953125,9985.900390625,9886.5,9978.900390625,154163400
2024-02-08,9905.400390625,9952.400390625,9899.400390625,9913.099609375,110769400
2024-02-09,9896.599609375,9921.400390625,9857.400390625,9906.0,153135700
2024-02-12,9984.7001953125,9987.0,9929.2998046875,9938.5,95624200
2024-02-13,9925.400390625,10004.099609375,9908.2001953125,9987.7998046875,130998800
2024-02-14,9916.599609375,9991.5,9913.2998046875,9922.599609375,119508700
2024-02-15,9927.2998046875,9963.900390625,9861.2001953125,9955.0,113529500
2024-02-16,9886.400390625,9978.400390625,9841.599609375,9975.2001953125,126325600
2024-02-19,9944.7998046875,9954.7998046875,9878.2998046875,9884.599609375,87430700
2024-02-20,10038.2001953125,10048.2998046875,9926.5,9940.099609375,118742600
2024-02-21,10107.2001953125,10127.2998046875,10031.5,10049.7998046875,105194400
2024-02-22,10138.900390625,10196.400390625,10120.900390625,10179.099609375,155634000
2024-02-23,10130.599609375,10136.7001953125,10064.2998046875,10123.2998046875,108883100
2024-02-26,10138.400390625,10157.2998046875,10102.5,10120.400390625,104520800
2024-02-27,10113.7998046875,10125.2998046875,10058.400390625,10111.400390625,110771900
2024-02-28,10068.599609375,10127.099609375,10028.900390625,10096.7998046875,128594200
2024-02-29,10001.2998046875,10095.7001953125,10001.0,10054.7998046875,340767500
2024-03-01,10064.7001953125,10108.0,10008.7998046875,10015.0,172079700
2024-03-04,10069.7998046875,10084.5,10035.599609375,10069.599609375,125103700
2024-03-05,10117.099609375,10121.7001953125,10032.099609375,10060.099609375,132426700
2024-03-06,10197.2001953125,10246.2001953125,10105.5,10116.0,182074800
2024-03-07,10319.599609375,10359.2001953125,10164.7998046875,10167.7998046875,202030200
2024-03-08,10305.7001953125,10366.900390625,10304.2001953125,10321.2001953125,168061400
2024-03-11,10325.7001953125,10330.900390625,10268.900390625,10280.599609375,149087900
2024-03-12,10388.900390625,10403.2001953125,10342.900390625,10357.5,185340700
2024-03-13,10560.5,10594.099609375,10431.7998046875,10436.2998046875,169503900
2024-03-14,10490.5,10606.900390625,10476.5,10567.400390625,160547200
2024-03-15,10597.900390625,10640.7998046875,10489.7001953125,10490.0,487575600
2024-03-18,10596.7001953125,10657.0,10576.599609375,10597.099609375,145580000
2024-03-19,10701.400390625,10711.599609375,10589.7998046875,10604.599609375,138362500
2024-03-20,10752.5,10752.5,10680.2998046875,10699.900390625,142721700
2024-03-21,10867.5,10931.7001953125,10817.900390625,10820.7998046875,186540700
2024-03-22,10943.2001953125,10963.900390625,10846.7001953125,10856.900390625,170404400
2024-03-25,10952.2001953125,10986.0,10911.5,10918.0,131499600
2024-03-26,10991.5,11008.5,10950.2001953125,10965.2998046875,139644100
2024-03-27,11111.2998046875,11140.099609375,11000.7998046875,11007.5,181418900
2024-03-28,11074.599609375,11105.599609375,11057.400390625,11075.7001953125,182530200
2024-04-02,10975.599609375,11095.5,10953.900390625,11034.599609375,157049100
2024-04-03,11032.2998046875,11052.7998046875,10959.400390625,10981.099609375,143750000
2024-04-04,11090.900390625,11111.2001953125,11042.0,11049.5,167469700
2024-04-05,10916.0,11000.2001953125,10879.900390625,10967.400390625,198548000
2024-04-08,10911.7998046875,10932.2998046875,10846.0,10864.2001953125,125829800
2024-04-09,10816.0,10909.099609375,10809.5,10909.099609375,139504300
2024-04-10,10775.0,10879.2001953125,10697.400390625,10863.2998046875,149227000
2024-04-11,10649.7998046875,10782.599609375,10591.400390625,10761.0,183036500
2024-04-12,10686.0,10781.599609375,10660.7001953125,10707.7001953125,154049100
2024-04-15,10687.2001953125,10750.2001953125,10660.2001953125,10668.7001953125,144065900
2024-04-16,10526.900390625,10605.5,10499.2001953125,10575.7998046875,169501300
2024-04-17,10633.900390625,10704.2001953125,10530.0,10532.0,120116300
2024-04-18,10765.0,10776.2998046875,10686.2001953125,10694.900390625,164337900
2024-04-19,10729.5,10747.099609375,10611.900390625,10680.099609375,204551500
2024-04-22,10890.2001953125,10895.7998046875,10783.900390625,10818.900390625,140903400
2024-04-23,11075.400390625,11080.0,10924.2998046875,10927.7998046875,156006800
2024-04-24,11027.7998046875,11110.0,11005.0,11110.0,138502500
2024-04-25,10983.7001953125,11095.0,10887.400390625,11049.099609375,306290600
2024-04-26,11154.599609375,11168.7001953125,11037.0,11044.5,188579200
2024-04-29,11100.7998046875,11228.2998046875,11057.7998046875,11179.5,201545700
2024-04-30,10854.400390625,11089.7998046875,10839.400390625,11064.2001953125,314561700
2024-05-02,10872.0,10920.099609375,10845.7998046875,10857.2998046875,254697600
2024-05-03,10854.7001953125,10953.2998046875,10820.5,10907.5,204827400
2024-05-06,10917.5,10945.7001953125,10847.099609375,10877.900390625,142156400
2024-05-07,11080.900390625,11089.7998046875,10958.0,10972.2001953125,206435300
2024-05-08,11153.0,11160.0,11076.099609375,11104.5,206758900
2024-05-09,11050.099609375,11121.900390625,11004.900390625,11112.7001953125,212325300
2024-05-10,11105.5,11137.7001953125,11045.099609375,11045.900390625,155650400
2024-05-13,11152.0,11152.0,11073.900390625,11104.2001953125,106337500
2024-05-14,11239.2998046875,11246.2998046875,11138.400390625,11180.5,137103300
2024-05-15,11362.7998046875,11377.099609375,11260.2998046875,11260.900390625,159465800
2024-05-16,11299.2998046875,11385.7001953125,11293.400390625,11376.400390625,141057900
2024-05-17,11327.7001953125,11343.0,11246.599609375,11252.599609375,143697900
2024-05-20,11339.5,11371.5,11312.5,11333.2001953125,90520700
2024-05-21,11334.900390625,11371.2998046875,11291.5,11326.0,123348800
2024-05-22,11329.0,11354.099609375,11268.400390625,11324.400390625,123189800
2024-05-23,11311.099609375,11360.2001953125,11277.0,11331.7998046875,109142200
2024-05-24,11246.0,11261.599609375,11169.2001953125,11236.0,110214700
2024-05-27,11325.5,11325.5,11248.900390625,11260.099609375,69177700
2024-05-28,11276.0,11355.099609375,11240.0,11337.599609375,96442400
2024-05-29,11145.099609375,11260.900390625,11135.0,11241.0,121731200
2024-05-30,11338.2001953125,11350.900390625,11125.2998046875,11125.2998046875,127541700
2024-05-31,11322.0,11361.2001953125,11278.599609375,11353.5,714440000
2024-06-03,11397.2001953125,11452.900390625,11378.0,11403.2001953125,128800700
2024-06-04,11286.400390625,11402.2001953125,11213.2001953125,11384.0,198258400
2024-06-05,11353.099609375,11412.400390625,11323.599609375,11378.5,119487700
2024-06-06,11444.0,11450.900390625,11357.7001953125,11387.599609375,108478700
2024-06-07,11404.900390625,11469.900390625,11350.7001953125,11447.099609375,119978300
2024-06-10,11357.2001953125,11375.2998046875,11286.900390625,11375.2998046875,104801700
2024-06-11,11175.5,11378.2001953125,11113.599609375,11377.7001953125,132147600
2024-06-12,11245.400390625,11273.900390625,11167.0,11208.400390625,138540800
2024-06-13,11066.099609375,11241.2001953125,11049.099609375,11213.2998046875,150308800
2024-06-14,10992.2998046875,11078.099609375,10874.099609375,11060.400390625,214015200
2024-06-17,10959.5,11082.599609375,10881.5,11035.900390625,117337200
2024-06-18,11067.7001953125,11071.099609375,10955.7998046875,11009.2998046875,104528800
2024-06-19,11056.400390625,11095.400390625,11033.2001953125,11074.599609375,103710200
2024-06-20,11160.5,11166.400390625,11041.5,11068.5,93102800
2024-06-21,11032.2998046875,11161.599609375,10969.2001953125,11161.599609375,271061400
2024-06-24,11172.099609375,11182.599609375,11040.099609375,11051.5,98196100
2024-06-25,11118.900390625,11190.400390625,11068.7001953125,11190.099609375,94463200
2024-06-26,11030.5,11170.7998046875,10985.7998046875,11154.7001953125,98074600
2024-06-27,10951.5,11018.900390625,10930.900390625,11018.900390625,100880200
2024-06-28,10943.7001953125,11000.2001953125,10913.0,10990.0,119328500
2024-07-01,11057.0,11141.2001953125,11010.900390625,11086.2001953125,115357900
2024-07-02,10912.7998046875,10984.099609375,10837.400390625,10983.099609375,108682200
2024-07-03,11056.7998046875,11061.400390625,10945.2001953125,10974.2998046875,102596300
2024-07-04,11066.2998046875,11074.2001953125,11014.2001953125,11018.2998046875,89573000
2024-07-05,11023.5,11100.900390625,10957.400390625,11079.900390625,92711400
2024-07-08,11022.099609375,11108.0,10977.7001953125,11003.0,126982800
2024-07-09,10898.7998046875,10992.900390625,10876.7998046875,10990.900390625,104091200
2024-07-10,11071.599609375,11071.599609375,10902.2001953125,10925.900390625,109685600
2024-07-11,11170.0,11195.7998046875,11048.599609375,11114.900390625,111898000
2024-07-12,11250.599609375,11264.7998046875,11178.599609375,11190.0,86435500
2024-07-15,11143.0,11225.900390625,11143.0,11225.099609375,82092900
2024-07-16,11090.5,11104.900390625,11026.5,11086.5,86480900
2024-07-17,11105.2001953125,11137.2998046875,11015.7998046875,11080.900390625,87448400
2024-07-18,11147.5,11221.099609375,11124.400390625,11143.599609375,99682700
2024-07-19,11087.5,11144.599609375,11051.099609375,11109.7998046875,126060400
2024-07-22,11143.7998046875,11201.7998046875,11103.7001953125,11149.599609375,117990000
2024-07-23,11212.7001953125,11221.7998046875,11097.5,11154.7001953125,101473500
2024-07-24,11210.099609375,11245.5,11154.400390625,11200.900390625,128813700
2024-07-25,11145.599609375,11158.099609375,11012.0,11133.2998046875,120027800
2024-07-26,11165.900390625,11177.599609375,11068.7001953125,11102.7998046875,86560000
2024-07-29,11117.7998046875,11254.2001953125,11089.7001953125,11221.7998046875,76497300
2024-07-30,11202.599609375,11226.2001953125,11123.900390625,11129.2001953125,98249400
2024-07-31,11065.0,11232.900390625,11026.7998046875,11222.599609375,156899100
2024-08-01,10854.2998046875,11061.2001953125,10822.099609375,11036.099609375,134958600
2024-08-02,10672.900390625,10841.099609375,10641.7998046875,10763.900390625,187820100
2024-08-05,10423.400390625,10479.5,10298.7001953125,10402.900390625,206599000
2024-08-06,10390.5,10488.599609375,10308.900390625,10463.599609375,133072600
2024-08-07,10599.0,10632.599609375,10413.7001953125,10483.900390625,126387000
2024-08-08,10558.0,10577.2998046875,10445.7001953125,10528.099609375,78715200
2024-08-09,10638.5,10687.7001953125,10571.400390625,10601.2001953125,63173800
2024-08-12,10646.2001953125,10714.400390625,10611.400390625,10681.099609375,61517500
2024-08-13,10723.7998046875,10730.7001953125,10645.7001953125,10680.5,67601600
2024-08-14,10753.0,10778.0,10720.0,10768.7998046875,56773800
2024-08-15,10885.599609375,10889.0,10744.599609375,10786.2001953125,77126200
2024-08-16,10949.7001953125,10961.599609375,10891.7001953125,10904.0,68792600
2024-08-19,11102.5,11112.400390625,10966.900390625,10968.7998046875,76898300
2024-08-20,11087.7998046875,11151.900390625,11056.5,11130.5,68430200
2024-08-21,11114.900390625,11127.2001953125,11066.2998046875,11080.7998046875,66677800
2024-08-22,11156.2998046875,11207.5,11107.400390625,11110.400390625,73242500
2024-08-23,11278.099609375,11285.2001953125,11178.7001953125,11183.0,76125400
2024-08-26,11265.5,11301.900390625,11239.599609375,11261.2001953125,60317600
2024-08-27,11326.900390625,11328.099609375,11266.7001953125,11272.0,96013500
2024-08-28,11332.0,11375.5,11308.099609375,11351.2001953125,78994900
2024-08-29,11358.599609375,11398.7998046875,11326.400390625,11334.400390625,77347600
2024-08-30,11401.900390625,11441.7998046875,11371.599609375,11372.7001953125,199321600
2024-09-02,11395.2998046875,11422.400390625,11337.5,11395.2998046875,71114100
2024-09-03,11279.2001953125,11429.400390625,11257.5,11401.099609375,100572000
2024-09-04,11213.900390625,11238.2998046875,11138.7998046875,11149.2998046875,110558400
2024-09-05,11273.5,11317.2998046875,11152.2001953125,11166.7998046875,96553400
2024-09-06,11173.0,11329.900390625,11157.2001953125,11238.400390625,108703500
2024-09-09,11272.7998046875,11295.0,11214.5,11222.099609375,76641700
2024-09-10,11203.5,11369.0,11177.0,11264.2001953125,95938700
2024-09-11,11278.900390625,11334.900390625,11221.7001953125,11249.099609375,97779100
2024-09-12,11400.2001953125,11445.900390625,11336.900390625,11397.2998046875,101212200
2024-09-13,11540.2001953125,11569.099609375,11418.900390625,11429.5,109312300
2024-09-16,11581.0,11592.5,11510.0,11518.2001953125,81423900
2024-09-17,11703.400390625,11753.900390625,11620.7001953125,11621.900390625,124049000
2024-09-18,11684.7001953125,11720.2001953125,11664.2998046875,11699.2001953125,96277000
2024-09-19,11778.099609375,11808.2001953125,11710.0,11799.599609375,129909000
2024-09-20,11753.2998046875,11826.7001953125,11747.900390625,11751.599609375,307523300
2024-09-23,11797.900390625,11836.2998046875,11721.0,11761.0,97744500
2024-09-24,11837.0,11867.0,11759.5,11851.0,86968100
2024-09-25,11792.599609375,11856.900390625,11766.2998046875,11777.400390625,81758900
2024-09-26,11953.2001953125,11975.7998046875,11875.5,11879.0,125012600
2024-09-27,11967.900390625,12004.599609375,11933.0,11933.2998046875,129700800
2024-09-30,11877.2998046875,11971.7998046875,11876.0,11929.0,128525400
2024-10-01,11673.5,11897.599609375,11625.7998046875,11891.900390625,177883000
2024-10-02,11609.7998046875,11675.5,11570.400390625,11656.5,133885800
2024-10-03,11618.0,11664.2998046875,11563.7998046875,11591.7001953125,112481700
2024-10-04,11659.2001953125,11668.400390625,11594.400390625,11615.2001953125,131353000
2024-10-07,11717.5,11781.2001953125,11655.400390625,11707.599609375,111400600
2024-10-08,11734.7001953125,11734.7001953125,11606.0,11637.900390625,90593900
2024-10-09,11741.5,11745.5,11670.5,11729.7998046875,70809900
2024-10-10,11656.7001953125,11769.599609375,11589.0,11731.400390625,93708700
2024-10-11,11720.0,11729.2998046875,11636.7001953125,11647.599609375,73632500
2024-10-14,11850.900390625,11850.900390625,11712.099609375,11714.400390625,76108500
2024-10-15,11930.2001953125,11962.2001953125,11864.0,11884.400390625,113973300
2024-10-16,11996.7001953125,12024.099609375,11897.5,11906.5,106349700
2024-10-17,11904.5,12037.900390625,11904.5,11999.2998046875,95911400
2024-10-18,11925.2001953125,11934.900390625,11821.599609375,11871.900390625,135861200
2024-10-21,11841.099609375,11932.099609375,11826.599609375,11887.900390625,84296000
2024-10-22,11832.7001953125,11840.2001953125,11682.2998046875,11836.0,94834300
2024-10-23,11865.2001953125,11887.099609375,11808.099609375,11834.5,85372100
2024-10-24,11839.7998046875,11925.400390625,11839.2001953125,11859.7998046875,86009200
2024-10-25,11812.5,11870.0,11782.2001953125,11831.5,86781500
2024-10-28,11904.0,11918.5,11817.2001953125,11863.900390625,90061400
2024-10-29,11795.2998046875,11962.5,11786.5,11959.0,131024200
2024-10-30,11715.0,11754.5,11634.099609375,11748.5,125771600
2024-10-31,11672.599609375,11717.2998046875,11615.400390625,11640.2998046875,152932700
2024-11-01,11843.0,11851.0,11670.599609375,11671.900390625,116075800
2024-11-04,11805.099609375,11892.099609375,11805.099609375,11823.2001953125,118544900
2024-11-05,11839.2001953125,11847.400390625,11769.7001953125,11779.5,106570700
2024-11-06,11495.2998046875,11794.7001953125,11461.2001953125,11779.400390625,215400600
2024-11-07,11570.099609375,11623.0,11512.599609375,11537.2998046875,162858400
2024-11-08,11551.599609375,11617.5,11515.599609375,11552.2998046875,162899600
2024-11-11,11597.2998046875,11667.7001953125,11593.0,11644.0,98355600
2024-11-12,11382.599609375,11550.599609375,11378.900390625,11475.400390625,119021500
2024-11-13,11377.099609375,11442.400390625,11295.0,11361.2001953125,107398700
2024-11-14,11524.2998046875,11536.2001953125,11369.0,11403.5,103802500
2024-11-15,11635.900390625,11664.599609375,11472.0,11478.7998046875,125501300
2024-11-18,11674.7998046875,11674.7998046875,11591.7998046875,11640.7998046875,94911100
2024-11-19,11588.400390625,11677.0,11428.0,11672.599609375,135961100
2024-11-20,11589.5,11720.7001953125,11548.599609375,11643.2998046875,105324500
2024-11-21,11611.7001953125,11631.7001953125,11513.7998046875,11592.900390625,100849000
2024-11-22,11656.599609375,11674.0,11520.900390625,11633.7001953125,158602500
2024-11-25,11711.7998046875,11767.599609375,11679.599609375,11732.7001953125,251665000
2024-11-26,11617.900390625,11662.7001953125,11575.0,11619.7998046875,106149400
2024-11-27,11579.5,11605.0,11486.099609375,11596.0,109154800
2024-11-28,11610.7998046875,11656.900390625,11600.7001953125,11615.7001953125,79734400
2024-11-29,11641.2998046875,11657.099609375,11531.0,11563.400390625,109064800
2024-12-02,11735.2998046875,11785.0,11577.7998046875,11581.400390625,92358600
2024-12-03,11873.599609375,11889.2001953125,11742.400390625,11743.900390625,98386300
2024-12-04,11931.599609375,11975.900390625,11890.099609375,11890.2998046875,99568700
2024-12-05,12118.7001953125,12128.7998046875,11939.099609375,11939.2001953125,143783600
2024-12-06,12072.0,12153.599609375,12059.0,12106.400390625,83928400
2024-12-09,12011.5,12114.7001953125,11999.400390625,12091.400390625,88297700
2024-12-10,11965.5,12021.900390625,11965.5,11981.7998046875,92532900
2024-12-11,11789.2998046875,11950.599609375,11771.900390625,11944.900390625,106111800
2024-12-12,11764.7998046875,11819.2998046875,11741.7998046875,11778.099609375,122243900
2024-12-13,11752.099609375,11857.599609375,11744.2998046875,11768.099609375,95007200
2024-12-16,11778.599609375,11794.2001953125,11721.400390625,11733.7998046875,104561200
2024-12-17,11588.099609375,11738.5,11588.099609375,11712.599609375,138709100
2024-12-18,11617.900390625,11669.599609375,11558.7001953125,11599.400390625,101930600
2024-12-19,11439.900390625,11481.400390625,11401.7001953125,11423.0,138523000
2024-12-20,11467.2998046875,11489.2001953125,11310.5,11373.7001953125,246522300
2024-12-23,11435.7001953125,11474.900390625,11399.099609375,11462.400390625,74793600
2024-12-24,11473.900390625,11485.7001953125,11446.2001953125,11470.0,30482300
2024-12-27,11531.599609375,11531.599609375,11421.900390625,11453.0,78825300
2024-12-30,11536.7998046875,11600.400390625,11470.7998046875,11478.400390625,85852800
2024-12-31,11595.0,11613.400390625,11525.400390625,11530.0,47625000
2025-01-02,11676.900390625,11676.900390625,11456.2001953125,11610.900390625,105381500
2025-01-03,11651.599609375,11701.7998046875,11635.5,11682.900390625,71179100
2025-01-06,11808.2001953125,11808.2001953125,11613.7001953125,11693.0,108994000
2025-01-07,11811.900390625,11866.599609375,11724.599609375,11797.099609375,115308200
2025-01-08,11798.099609375,11871.7001953125,11709.400390625,11799.900390625,123029500
2025-01-09,11899.2998046875,11904.2001953125,11753.7998046875,11756.2001953125,97932900
2025-01-10,11720.900390625,11877.2001953125,11703.7998046875,11862.5,133296700
2025-01-13,11688.2001953125,11707.5,11637.0,11662.5,109070300
2025-01-14,11752.099609375,11797.2001953125,11721.5,11746.0,120298100
2025-01-15,11898.5,11923.5,11750.900390625,11788.7998046875,124473800
2025-01-16,11840.599609375,11973.2998046875,11801.2001953125,11971.7001953125,118292200
2025-01-17,11916.2998046875,11940.7998046875,11873.5,11883.099609375,120721200
2025-01-20,11943.599609375,11991.5,11905.2998046875,11921.099609375,135782800
2025-01-21,11927.400390625,11934.2998046875,11851.2998046875,11884.7001953125,98749400
2025-01-22,11882.7001953125,11963.7001953125,11843.599609375,11932.900390625,119097400
2025-01-23,11991.5,12001.2998046875,11860.599609375,11873.7998046875,121476700
2025-01-24,11982.599609375,12050.2998046875,11933.2998046875,12040.2001953125,105557500
2025-01-27,11997.099609375,12032.900390625,11882.2998046875,11887.5,105749300
2025-01-28,12154.2001953125,12183.0,11975.0,11983.5,102214200
2025-01-29,12286.5,12290.900390625,12197.2998046875,12200.2998046875,123731000
2025-01-30,12419.599609375,12424.400390625,12326.2001953125,12330.2001953125,122507500
2025-01-31,12368.900390625,12465.599609375,12357.7998046875,12450.5,107144500
2025-02-03,12205.7998046875,12264.7998046875,12101.2998046875,12114.2001953125,147691700
2025-02-04,12372.7998046875,12388.5,12173.900390625,12214.2001953125,121115200
2025-02-05,12536.7001953125,12536.7001953125,12420.2998046875,12422.0,189280800
2025-02-06,12731.0,12743.7001953125,12574.2998046875,12576.5,182977900
2025-02-07,12688.900390625,12775.599609375,12672.599609375,12740.900390625,129941800
2025-02-10,12708.7998046875,12739.2998046875,12664.599609375,12681.2001953125,104170800
2025-02-11,12774.7998046875,12778.2998046875,12680.900390625,12696.099609375,132441700
2025-02-12,12911.5,12919.900390625,12810.099609375,12816.7001953125,152197700
2025-02-13,12936.2998046875,12974.900390625,12882.400390625,12964.2001953125,123544900
2025-02-14,12956.0,12984.599609375,12878.900390625,12909.5,123289000
2025-02-17,13016.900390625,13033.7001953125,12942.0,12942.2001953125,98460200
2025-02-18,13143.900390625,13158.599609375,13014.900390625,13026.599609375,127405100
2025-02-19,12929.400390625,13157.2998046875,12914.2001953125,13103.7001953125,131029700
2025-02-20,12967.099609375,13026.2998046875,12918.5,12927.900390625,127107400
2025-02-21,12952.0,12987.900390625,12894.599609375,12952.099609375,125136300
2025-02-24,13012.900390625,13052.0,12927.2001953125,12970.599609375,120800900
2025-02-25,13116.7998046875,13219.400390625,12960.7998046875,12965.099609375,150760400
2025-02-26,13332.0,13339.7001953125,13126.900390625,13130.7998046875,125564200
2025-02-27,13270.599609375,13316.7001953125,13178.0,13221.400390625,159410500
2025-02-28,13347.2998046875,13347.2998046875,13215.7001953125,13240.2001953125,251581300
2025-03-03,13373.099609375,13446.400390625,13218.7001953125,13349.2998046875,153783500
2025-03-04,13031.7001953125,13282.0,12997.099609375,13248.2001953125,195204400
2025-03-05,13214.0,13348.2001953125,13206.400390625,13230.2001953125,177351300
2025-03-06,13234.2001953125,13319.599609375,13099.900390625,13274.0,176624900
2025-03-07,13257.099609375,13291.2998046875,13114.7001953125,13142.900390625,134505200
2025-03-10,13082.7001953125,13291.2998046875,13050.400390625,13262.400390625,164744800
2025-03-11,12877.2998046875,13138.0,12840.900390625,13070.099609375,173666800
2025-03-12,12804.0,12964.2998046875,12708.2001953125,12944.7998046875,139429700
2025-03-13,12821.2998046875,12894.900390625,12729.0,12743.099609375,112707500
2025-03-14,13005.2001953125,13007.400390625,12788.0,12809.2998046875,127740700
2025-03-17,13147.2001953125,13147.2001953125,12974.2001953125,13009.599609375,112264600
2025-03-18,13354.7001953125,13354.7001953125,13153.599609375,13178.5,159889600
2025-03-19,13408.099609375,13427.900390625,13248.099609375,13271.2001953125,118517400
2025-03-20,13306.2998046875,13464.7001953125,13232.900390625,13407.5,131939500
2025-03-21,13350.2001953125,13358.599609375,13213.0,13257.7998046875,327772900
2025-03-24,13323.2998046875,13478.7998046875,13303.2998046875,13429.599609375,105607000
2025-03-25,13484.2998046875,13515.099609375,13363.5,13368.7998046875,111197300
2025-03-26,13432.2001953125,13505.900390625,13414.2998046875,13484.900390625,109255200
2025-03-27,13422.599609375,13463.400390625,13270.7998046875,13328.2998046875,107010900
2025-03-28,13309.2998046875,13440.900390625,13258.2001953125,13363.400390625,121572800
2025-03-31,13135.400390625,13249.7998046875,13051.7998046875,13224.599609375,167060300
2025-04-01,13297.0,13330.900390625,13155.2998046875,13191.599609375,123046200
2025-04-02,13350.2001953125,13350.2001953125,13234.900390625,13268.2001953125,107758200
2025-04-03,13191.2001953125,13281.2998046875,13107.400390625,13141.2998046875,209798600
2025-04-04,12422.0,13091.599609375,12236.400390625,13084.0,371357800
2025-04-07,11785.7998046875,12322.7998046875,11583.0,12091.2998046875,423011800
2025-04-08,12065.599609375,12203.099609375,11699.400390625,11920.7001953125,232198800
2025-04-09,11797.599609375,11924.7001953125,11612.7001953125,11752.900390625,221644700
2025-04-10,12307.599609375,12843.099609375,12307.599609375,12785.900390625,277114600
2025-04-11,12286.0,12419.0,12157.400390625,12364.2001953125,135190900
2025-04-14,12609.7998046875,12633.7998046875,12419.5,12540.599609375,120617900
2025-04-15,12879.2998046875,12881.099609375,12626.599609375,12652.400390625,124665000
2025-04-16,12942.099609375,12942.099609375,12756.099609375,12848.5,127312200
2025-04-17,12918.0,12965.7001953125,12852.0,12934.0,118973300
2025-04-22,13010.599609375,13010.599609375,12812.0,12830.2998046875,109911000
2025-04-23,13208.2998046875,13215.7998046875,13099.0,13170.099609375,163116500
2025-04-24,13179.7001953125,13241.400390625,13110.2001953125,13168.2998046875,104438600
2025-04-25,13355.2998046875,13375.900390625,13254.900390625,13284.599609375,115013300
2025-04-28,13456.099609375,13472.0,13377.7001953125,13415.900390625,117159400
2025-04-29,13366.900390625,13490.7998046875,13292.0,13471.0,116559300
2025-04-30,13287.7998046875,13379.099609375,13074.7998046875,13368.400390625,200803500
2025-05-02,13446.7001953125,13446.7001953125,13316.0,13415.099609375,141233700
2025-05-05,13518.0,13521.099609375,13462.099609375,13473.5,85373300
2025-05-06,13530.2001953125,13579.599609375,13408.0,13551.2001953125,111702500
2025-05-07,13480.400390625,13531.900390625,13423.5,13510.5,118455100
2025-05-08,13488.900390625,13507.0,13428.900390625,13493.900390625,136310300
2025-05-09,13554.099609375,13586.0,13471.2998046875,13505.400390625,127549500
2025-05-12,13655.2998046875,13740.2001953125,13558.099609375,13653.599609375,144186700
2025-05-13,13769.099609375,13800.7001953125,13650.599609375,13664.2998046875,118479800
2025-05-14,13840.2001953125,13846.7001953125,13754.599609375,13777.0,158379200
2025-05-15,13930.2001953125,13930.2001953125,13785.7998046875,13806.900390625,111198100
2025-05-16,14064.5,14064.5,13953.7001953125,13981.7001953125,122336100
2025-05-19,14099.0,14099.5,14003.2001953125,14074.0,104238000
2025-05-20,14323.400390625,14348.099609375,14140.400390625,14153.099609375,140963800
2025-05-21,14307.599609375,14370.7998046875,14253.2998046875,14279.5,114276500
2025-05-22,14272.5,14272.5,14157.5,14228.400390625,106118300
2025-05-23,14104.099609375,14341.7998046875,13851.599609375,14288.0,173060400
2025-05-26,14221.599609375,14275.2998046875,14199.400390625,14259.400390625,87069700
2025-05-27,14239.900390625,14299.099609375,14164.400390625,14198.2998046875,115082000
2025-05-28,14100.599609375,14262.5,14094.7998046875,14208.0,107696100
2025-05-29,14116.599609375,14187.5,14088.900390625,14185.099609375,83480200
2025-05-30,14152.2001953125,14214.599609375,14099.900390625,14129.2001953125,449124100
2025-06-02,14202.7998046875,14234.400390625,14099.599609375,14105.900390625,89794000
2025-06-03,14128.400390625,14249.2001953125,14080.5,14239.599609375,104041400
2025-06-04,14101.2998046875,14185.2001953125,14036.400390625,14175.7998046875,101954800
2025-06-05,14203.7001953125,14204.900390625,14038.2998046875,14082.2998046875,98898900
2025-06-06,14247.599609375,14286.099609375,14179.099609375,14193.7001953125,78318000
2025-06-09,14251.2998046875,14292.2998046875,14206.2998046875,14231.2001953125,75590900
2025-06-10,14221.099609375,14297.0,14221.099609375,14249.0,100383800
2025-06-11,14134.099609375,14186.0,14078.5,14157.2998046875,98420200
2025-06-12,14088.900390625,14134.2998046875,13957.900390625,14062.599609375,102176200
2025-06-13,13910.599609375,13925.0,13829.5,13915.900390625,129988400
2025-06-16,14110.7998046875,14132.2998046875,13925.2001953125,13927.2998046875,140851500
2025-06-17,13911.7001953125,14000.400390625,13864.0,13989.0,112460800
2025-06-18,13923.2001953125,13968.2998046875,13846.900390625,13904.599609375,94902300
2025-06-19,13744.900390625,13896.599609375,13744.099609375,13862.400390625,82221100
2025-06-20,13850.2998046875,13925.0,13753.5,13754.400390625,286491100
2025-06-23,13839.400390625,13881.2001953125,13737.2001953125,13763.7001953125,101045600
2025-06-24,14035.099609375,14086.099609375,13963.599609375,14032.2998046875,143212900
2025-06-25,13811.7998046875,14057.7001953125,13810.7998046875,14054.599609375,107091500
2025-06-26,13815.5,13892.5,13789.099609375,13847.2001953125,93447400
2025-06-27,13969.0,13969.0,13856.7998046875,13868.400390625,100089100
2025-06-30,13991.900390625,14029.099609375,13894.400390625,14025.599609375,110470200
2025-07-01,13987.400390625,14042.900390625,13947.5,14007.7998046875,97952900
2025-07-02,14044.599609375,14104.400390625,13988.099609375,14042.400390625,132184700
2025-07-03,14182.900390625,14182.900390625,14015.400390625,14068.5,104281400
2025-07-04,13973.0,14121.5,13916.900390625,14088.7998046875,83272800
2025-07-07,14074.7998046875,14074.7998046875,13933.7001953125,13959.5,100275300
2025-07-08,14079.5,14119.2001953125,14045.2998046875,14098.2998046875,120473400
2025-07-09,14254.400390625,14254.400390625,14112.5,14117.0,123328700
2025-07-10,14141.599609375,14273.099609375,14126.5,14266.599609375,110944000
2025-07-11,14009.2001953125,14111.2998046875,13973.599609375,14083.7001953125,95693800
2025-07-14,14036.0,14040.7998046875,13887.599609375,13892.5,86325700
2025-07-15,13874.7001953125,14084.2998046875,13855.5,14059.5,87360300
2025-07-16,13885.7001953125,13984.7998046875,13866.099609375,13870.2001953125,97091700
2025-07-17,13994.5,14004.400390625,13931.099609375,13946.0,86514400
2025-07-18,13989.0,14063.099609375,13964.2001953125,14040.400390625,94010100
2025-07-21,14031.5,14031.5,13938.5,13990.7998046875,81563200
2025-07-22,14041.5,14049.2998046875,13950.0,13993.7998046875,86532300
2025-07-23,14067.900390625,14227.0,14039.900390625,14113.599609375,138205900
2025-07-24,14256.5,14328.7001953125,14188.2998046875,14198.2998046875,146515400
2025-07-25,14237.2998046875,14255.900390625,14158.900390625,14243.7001953125,85919600
2025-07-28,14220.2001953125,14404.7998046875,14201.7998046875,14368.7001953125,145598800
2025-07-29,14347.7001953125,14389.5,14211.2001953125,14228.400390625,129145100
2025-07-30,14380.599609375,14396.7001953125,14197.2998046875,14304.400390625,134910900
2025-07-31,14397.0,14598.2998046875,14389.5,14454.7001953125,163375400
2025-08-01,14126.7001953125,14339.2001953125,14063.400390625,14324.900390625,147770700
2025-08-04,14386.099609375,14386.099609375,14165.0,14179.599609375,88452700
2025-08-05,14407.5,14450.2998046875,14275.7001953125,14438.5,88499100
2025-08-06,14536.599609375,14536.599609375,14398.2998046875,14460.2998046875,95482200
2025-08-07,14690.900390625,14690.900390625,14586.5,14589.5,102037000
2025-08-08,14824.900390625,14855.599609375,14703.7998046875,14717.5,95127000
2025-08-11,14855.900390625,14881.599609375,14730.5,14865.5,83418100
2025-08-12,14859.0,14948.5,14843.0,14903.0,102249100
2025-08-13,15019.900390625,15033.900390625,14897.5,14902.099609375,87075300
